Polling Firm,Commissioners,Fieldwork Start,Fieldwork End,Scope,Sample Size,Sample Size Qualification,Participation,Precision,Conservative Party,Labour Party,Liberal Democrats,Scottish National Party,Plaid Cymru,Scottish National Party + Plaid Cymru,UK Independence Party,Green Party,Brexit Party,Change UK,Other
YouGov,The Times,2021-04-21,2021-04-22,National,1730,Provided,Not Available,1%,44%,34%,5%,5%,1%,Not Available,Not Available,7%,2%,Not Available,2%
Survation,,2021-04-15,2021-04-19,National,1008,Provided,Not Available,1%,40%,34%,9%,4%,1%,Not Available,Not Available,7%,Not Available,Not Available,6%
Redfield & Wilton Strategies,,2021-04-19,2021-04-19,National,2000,Provided,Not Available,1%,44%,34%,10%,4%,1%,Not Available,Not Available,4%,3%,Not Available,2%
Savanta ComRes,,2021-04-16,2021-04-18,National,2094,Provided,Not Available,1%,43%,34%,7%,5%,1%,Not Available,Not Available,4%,1%,Not Available,5%
YouGov,,2021-04-13,2021-04-14,National,1689,Provided,Not Available,1%,43%,29%,8%,5%,1%,Not Available,Not Available,8%,3%,Not Available,2%
Savanta ComRes,,2021-04-09,2021-04-11,National,1339,Provided,Not Available,1%,42%,35%,7%,5%,1%,Not Available,Not Available,4%,2%,Not Available,4%
Survation,,2021-04-08,2021-04-10,National,1009,Provided,Not Available,1%,43%,35%,8%,3%,1%,Not Available,Not Available,4%,Not Available,Not Available,5%
Redfield & Wilton Strategies,,2021-04-12,2021-04-12,National,2000,Provided,Not Available,1%,43%,36%,7%,4%,1%,Not Available,Not Available,5%,3%,Not Available,2%
Deltapoll,The Mail on Sunday,2021-04-08,2021-04-10,National,1608,Provided,Not Available,1%,45%,36%,6%,2%,0%,Not Available,2%,4%,4%,Not Available,1%
Opinium,The Observer,2021-04-08,2021-04-09,National,2006,Provided,Not Available,1%,45%,36%,6%,6%,1%,Not Available,1%,4%,0%,Not Available,2%
YouGov,The Times,2021-04-07,2021-04-08,National,1708,Provided,Not Available,1%,41%,34%,6%,5%,1%,Not Available,Not Available,6%,3%,Not Available,3%
Redfield & Wilton Strategies,,2021-04-05,2021-04-05,National,2000,Provided,Not Available,1%,44%,34%,9%,4%,0%,Not Available,Not Available,5%,2%,Not Available,2%
Savanta ComRes,,2021-04-02,2021-04-04,National,2065,Provided,Not Available,1%,42%,35%,8%,4%,1%,Not Available,Not Available,3%,2%,Not Available,4%
YouGov,The Times,2021-04-01,2021-04-01,National,1736,Provided,Not Available,1%,42%,34%,7%,5%,1%,Not Available,Not Available,6%,3%,Not Available,2%
Kantar,,2021-03-25,2021-03-29,National,1102,Provided,Not Available,1%,42%,34%,9%,7%,1%,Not Available,1%,4%,2%,Not Available,1%
Redfield & Wilton Strategies,,2021-03-29,2021-03-29,National,2000,Provided,Not Available,1%,44%,36%,7%,4%,1%,Not Available,Not Available,4%,2%,Not Available,2%
Deltapoll,Mail on Sunday,2021-03-25,2021-03-27,National,1610,Provided,Not Available,1%,44%,36%,6%,2%,0%,Not Available,4%,4%,3%,Not Available,1%
YouGov,The Times,2021-03-25,2021-03-26,National,1742,Provided,Not Available,1%,42%,32%,8%,5%,1%,Not Available,Not Available,7%,3%,Not Available,2%
Opinium,The Observer,2021-03-25,2021-03-26,National,2002,Provided,Not Available,1%,41%,37%,6%,6%,1%,Not Available,2%,5%,1%,Not Available,2%
Redfield & Wilton Strategies,,2021-03-22,2021-03-22,National,2000,Provided,Not Available,1%,42%,36%,9%,4%,1%,Not Available,Not Available,6%,2%,Not Available,1%
Savanta ComRes,,2021-03-19,2021-03-21,National,1027,Estimated/Assumed,Not Available,1%,42%,38%,6%,4%,Not Available,Not Available,Not Available,3%,Not Available,Not Available,7%
YouGov,The Times,2021-03-18,2021-03-19,National,1692,Provided,Not Available,1%,43%,34%,5%,5%,1%,Not Available,Not Available,7%,3%,Not Available,2%
BMG Research,The Independent,2021-03-16,2021-03-19,National,1498,Provided,Not Available,1%,39%,37%,9%,4%,1%,Not Available,Not Available,6%,3%,Not Available,1%
Number Cruncher Politics,,2021-03-12,2021-03-16,National,1001,Provided,Not Available,1%,42%,37%,7%,5%,1%,Not Available,Not Available,5%,2%,Not Available,2%
Redfield & Wilton Strategies,,2021-03-15,2021-03-15,National,2000,Provided,Not Available,1%,43%,36%,7%,4%,0%,Not Available,Not Available,5%,3%,Not Available,1%
Savanta ComRes,,2021-03-14,2021-03-14,National,2000,Provided,Not Available,1%,39%,37%,8%,4%,Not Available,Not Available,Not Available,4%,Not Available,Not Available,8%
Opinium,The Observer,2021-03-11,2021-03-12,National,2001,Provided,Not Available,1%,43%,37%,6%,5%,1%,Not Available,1%,4%,0%,Not Available,2%
Ipsos MORI,Evening Standard,2021-03-05,2021-03-12,National,1009,Provided,Not Available,1%,45%,38%,6%,5%,0%,Not Available,Not Available,5%,0%,Not Available,1%
YouGov,The Times,2021-03-09,2021-03-10,National,1680,Provided,Not Available,1%,42%,33%,7%,4%,1%,Not Available,Not Available,6%,3%,Not Available,2%
Survation,Sunday Mirror,2021-03-09,2021-03-10,National,1037,Provided,Not Available,1%,43%,33%,9%,5%,1%,Not Available,Not Available,5%,1%,Not Available,4%
Redfield & Wilton Strategies,,2021-03-08,2021-03-08,National,2000,Provided,Not Available,1%,45%,36%,7%,4%,0%,Not Available,Not Available,4%,3%,Not Available,1%
Savanta ComRes,,2021-03-05,2021-03-07,National,2129,Provided,Not Available,1%,42%,36%,8%,4%,1%,Not Available,Not Available,4%,3%,Not Available,4%
YouGov,The Times,2021-03-03,2021-03-04,National,1715,Provided,Not Available,1%,45%,32%,6%,5%,1%,Not Available,Not Available,7%,3%,Not Available,1%
Redfield & Wilton Strategies,,2021-03-01,2021-03-01,National,1500,Provided,Not Available,1%,44%,38%,7%,4%,0%,Not Available,Not Available,3%,2%,Not Available,1%
Savanta ComRes,,2021-02-26,2021-02-28,National,2182,Provided,Not Available,1%,43%,36%,7%,4%,1%,Not Available,Not Available,3%,3%,Not Available,3%
YouGov,The Times,2021-02-25,2021-02-26,National,1637,Provided,Not Available,1%,41%,36%,5%,5%,1%,Not Available,Not Available,7%,3%,Not Available,1%
Deltapoll,Mail on Sunday,2021-02-24,2021-02-26,National,1527,Provided,Not Available,1%,42%,38%,6%,2%,0%,Not Available,3%,4%,3%,Not Available,1%
Opinium,The Observer,2021-02-24,2021-02-26,National,2003,Provided,Not Available,1%,43%,36%,7%,6%,1%,Not Available,1%,4%,0%,Not Available,2%
Survation,,2021-02-23,2021-02-25,National,1002,Provided,Not Available,1%,42%,34%,7%,5%,1%,Not Available,Not Available,6%,Not Available,Not Available,5%
Kantar,,2021-02-18,2021-02-22,National,1114,Provided,Not Available,1%,40%,33%,11%,4%,1%,Not Available,3%,6%,3%,Not Available,1%
Savanta ComRes,,2021-02-19,2021-02-21,National,2189,Provided,Not Available,1%,40%,38%,7%,4%,1%,Not Available,Not Available,3%,3%,Not Available,5%
Redfield & Wilton Strategies,,2021-02-22,2021-02-22,National,2000,Provided,Not Available,1%,43%,37%,7%,4%,0%,Not Available,Not Available,5%,3%,Not Available,1%
YouGov,The Times,2021-02-17,2021-02-18,National,1663,Provided,Not Available,1%,40%,37%,7%,5%,1%,Not Available,Not Available,6%,3%,Not Available,1%
Redfield & Wilton Strategies,,2021-02-15,2021-02-15,National,2000,Provided,Not Available,1%,41%,39%,8%,5%,0%,Not Available,Not Available,5%,2%,Not Available,1%
Savanta ComRes,,2021-02-12,2021-02-14,National,2170,Provided,Not Available,1%,42%,37%,7%,4%,1%,Not Available,Not Available,3%,2%,Not Available,4%
Opinium,The Observer,2021-02-11,2021-02-12,National,2006,Provided,Not Available,1%,42%,37%,6%,5%,1%,Not Available,1%,5%,0%,Not Available,3%
YouGov,The Times,2021-02-09,2021-02-10,National,1660,Provided,Not Available,1%,41%,36%,6%,5%,1%,Not Available,Not Available,7%,3%,Not Available,3%
Redfield & Wilton Strategies,,2021-02-08,2021-02-08,National,2000,Provided,Not Available,1%,43%,38%,7%,5%,0%,Not Available,Not Available,4%,2%,Not Available,1%
Savanta ComRes,,2021-02-05,2021-02-07,National,2119,Provided,Not Available,1%,41%,37%,8%,4%,Not Available,Not Available,Not Available,4%,Not Available,Not Available,7%
Survation,,2021-02-05,2021-02-06,National,1003,Provided,Not Available,1%,39%,33%,9%,5%,1%,Not Available,Not Available,7%,Not Available,Not Available,5%
Ipsos MORI,Evening Standard,2021-02-04,2021-02-04,National,1056,Provided,Not Available,1%,42%,38%,7%,5%,0%,Not Available,Not Available,8%,0%,Not Available,0%
YouGov,The Times,2021-02-02,2021-02-03,National,1684,Provided,Not Available,1%,41%,37%,6%,5%,1%,Not Available,Not Available,6%,3%,Not Available,2%
Find Out Now,,2021-02-02,2021-02-02,National,5002,Provided,Not Available,1%,39%,38%,7%,6%,Not Available,Not Available,Not Available,6%,3%,Not Available,1%
Number Cruncher Politics,ITV,2021-02-01,2021-02-01,National,2001,Provided,Not Available,1%,43%,37%,5%,5%,1%,Not Available,Not Available,5%,3%,Not Available,1%
Redfield & Wilton Strategies,,2021-02-01,2021-02-01,National,2000,Provided,Not Available,1%,40%,38%,8%,5%,0%,Not Available,Not Available,4%,3%,Not Available,1%
Savanta ComRes,,2021-01-29,2021-01-31,National,2070,Provided,Not Available,1%,41%,38%,6%,5%,Not Available,Not Available,Not Available,3%,Not Available,Not Available,7%
Opinium,The Observer,2021-01-28,2021-01-29,National,2002,Provided,Not Available,1%,41%,38%,7%,5%,1%,Not Available,2%,4%,1%,Not Available,1%
YouGov,The Times,2021-01-26,2021-01-27,National,1721,Provided,Not Available,1%,37%,41%,6%,5%,1%,Not Available,Not Available,4%,3%,Not Available,3%
Redfield & Wilton Strategies,,2021-01-25,2021-01-25,National,2000,Provided,Not Available,1%,42%,37%,8%,5%,0%,Not Available,Not Available,4%,3%,Not Available,2%
Kantar,,2021-01-21,2021-01-25,National,1100,Provided,Not Available,1%,40%,37%,10%,4%,Not Available,Not Available,1%,5%,2%,Not Available,1%
Savanta ComRes,,2021-01-22,2021-01-24,National,2070,Provided,Not Available,1%,40%,37%,8%,5%,Not Available,Not Available,Not Available,3%,Not Available,Not Available,7%
Deltapoll,,2021-01-21,2021-01-23,National,1632,Provided,Not Available,1%,41%,39%,7%,4%,0%,Not Available,3%,3%,2%,Not Available,1%
YouGov,The Times,2021-01-21,2021-01-22,National,1703,Provided,Not Available,1%,39%,38%,5%,5%,1%,Not Available,Not Available,6%,4%,Not Available,2%
Redfield & Wilton Strategies,,2021-01-18,2021-01-18,National,2000,Provided,Not Available,1%,40%,38%,8%,4%,0%,Not Available,Not Available,5%,2%,Not Available,2%
Savanta ComRes,,2021-01-15,2021-01-17,National,1914,Provided,Not Available,1%,39%,37%,7%,5%,0%,Not Available,Not Available,3%,2%,Not Available,5%
Opinium,The Observer,2021-01-14,2021-01-15,National,2003,Provided,Not Available,1%,37%,41%,6%,6%,1%,Not Available,1%,4%,Not Available,Not Available,3%
YouGov,The Times,2021-01-13,2021-01-14,National,1702,Provided,Not Available,1%,38%,39%,5%,5%,1%,Not Available,Not Available,6%,3%,Not Available,2%
Survation,,2021-01-12,2021-01-13,National,1033,Provided,Not Available,1%,40%,38%,7%,4%,0%,Not Available,Not Available,5%,1%,Not Available,6%
Redfield & Wilton Strategies,,2021-01-11,2021-01-11,National,2000,Provided,Not Available,1%,41%,37%,8%,5%,0%,Not Available,Not Available,5%,2%,Not Available,1%
Savanta ComRes,,2021-01-08,2021-01-10,National,1550,Provided,Not Available,1%,40%,37%,8%,4%,1%,Not Available,Not Available,4%,2%,Not Available,4%
Opinium,The Observer,2021-01-06,2021-01-07,National,2003,Provided,Not Available,1%,39%,40%,6%,5%,1%,Not Available,2%,4%,Not Available,Not Available,3%
YouGov,The Times,2021-01-04,2021-01-05,National,1704,Provided,Not Available,1%,39%,39%,6%,5%,1%,Not Available,Not Available,6%,3%,Not Available,2%
Deltapoll,Daily Mirror,2020-12-26,2020-12-30,National,1608,Provided,Not Available,1%,40%,38%,4%,5%,0%,Not Available,2%,5%,3%,Not Available,1%
Focaldata,,2020-12-04,2020-12-29,National,22186,Provided,Not Available,1%,36%,38%,9%,4%,1%,Not Available,Not Available,7%,4%,Not Available,2%
Survation,,2020-12-22,2020-12-22,National,1011,Provided,Not Available,1%,39%,38%,8%,5%,0%,Not Available,Not Available,4%,1%,Not Available,6%
YouGov,The Times,2020-12-21,2020-12-22,National,1713,Provided,Not Available,1%,37%,41%,5%,5%,1%,Not Available,Not Available,5%,4%,Not Available,1%
Savanta ComRes,,2020-12-18,2020-12-21,National,1433,Provided,Not Available,1%,41%,39%,8%,5%,1%,Not Available,Not Available,4%,2%,Not Available,1%
Opinium,The Observer,2020-12-16,2020-12-17,National,2001,Provided,Not Available,1%,39%,39%,6%,5%,1%,Not Available,3%,4%,Not Available,Not Available,3%
YouGov,The Times,2020-12-15,2020-12-16,National,1898,Provided,Not Available,1%,39%,37%,6%,5%,1%,Not Available,Not Available,6%,4%,Not Available,2%
Kantar,,2020-12-10,2020-12-14,National,1137,Provided,Not Available,1%,38%,37%,10%,5%,1%,Not Available,1%,3%,3%,Not Available,1%
Savanta ComRes,,2020-12-11,2020-12-13,National,1295,Provided,Not Available,1%,38%,37%,8%,5%,0%,Not Available,Not Available,5%,4%,Not Available,3%
Ipsos MORI,Evening Standard,2020-12-04,2020-12-10,National,1027,Provided,Not Available,1%,41%,41%,6%,5%,1%,Not Available,0%,5%,0%,Not Available,1%
Survation,,2020-12-04,2020-12-10,National,3452,Provided,Not Available,1%,39%,37%,8%,5%,0%,Not Available,Not Available,5%,1%,Not Available,5%
YouGov,The Times,2020-12-08,2020-12-09,National,1699,Provided,Not Available,1%,37%,37%,8%,5%,1%,Not Available,Not Available,6%,5%,Not Available,1%
Opinium,The Observer,2020-12-08,2020-12-08,National,6949,Provided,Not Available,1%,40%,38%,6%,5%,1%,Not Available,2%,4%,0%,Not Available,2%
Opinium,The Observer,2020-12-03,2020-12-04,National,2002,Provided,Not Available,1%,38%,40%,6%,6%,1%,Not Available,3%,3%,Not Available,Not Available,4%
YouGov,The Times,2020-12-02,2020-12-03,National,1706,Provided,Not Available,1%,38%,38%,6%,5%,1%,Not Available,Not Available,5%,3%,Not Available,3%
Redfield & Wilton Strategies,,2020-12-02,2020-12-02,National,2000,Provided,Not Available,1%,40%,37%,9%,5%,1%,Not Available,Not Available,6%,Not Available,Not Available,3%
Savanta ComRes,,2020-11-27,2020-11-29,National,1428,Provided,Not Available,1%,39%,38%,8%,5%,1%,Not Available,Not Available,3%,3%,Not Available,4%
Deltapoll,Daily Mail,2020-11-26,2020-11-28,National,1525,Provided,Not Available,1%,37%,38%,9%,4%,1%,Not Available,4%,4%,3%,Not Available,0%
Number Cruncher Politics,,2020-11-20,2020-11-28,National,1001,Provided,Not Available,1%,39%,37%,7%,5%,1%,Not Available,Not Available,5%,4%,Not Available,1%
YouGov,The Times,2020-11-26,2020-11-27,National,1696,Provided,Not Available,1%,37%,40%,5%,6%,1%,Not Available,Not Available,5%,5%,Not Available,2%
Savanta ComRes,,2020-11-20,2020-11-22,National,1272,Provided,Not Available,1%,39%,37%,7%,5%,1%,Not Available,Not Available,4%,3%,Not Available,4%
Opinium,The Observer,2020-11-19,2020-11-20,National,2001,Provided,Not Available,1%,41%,38%,6%,6%,1%,Not Available,Not Available,4%,Not Available,Not Available,2%
Redfield & Wilton Strategies,,2020-11-19,2020-11-19,National,2500,Provided,Not Available,1%,40%,39%,8%,5%,0%,Not Available,Not Available,4%,Not Available,Not Available,4%
YouGov,The Times,2020-11-17,2020-11-18,National,1700,Provided,Not Available,1%,38%,37%,7%,6%,1%,Not Available,Not Available,6%,4%,Not Available,2%
Savanta ComRes,,2020-11-13,2020-11-15,National,2075,Provided,Not Available,1%,41%,38%,5%,5%,0%,Not Available,Not Available,4%,2%,Not Available,4%
YouGov,The Times,2020-11-11,2020-11-12,National,1632,Provided,Not Available,1%,38%,40%,5%,5%,1%,Not Available,Not Available,5%,4%,Not Available,1%
Redfield & Wilton Strategies,,2020-11-11,2020-11-11,National,2500,Provided,Not Available,1%,40%,40%,7%,5%,0%,Not Available,Not Available,5%,Not Available,Not Available,3%
Savanta ComRes,,2020-11-06,2020-11-09,National,2130,Provided,Not Available,1%,40%,36%,8%,5%,0%,Not Available,Not Available,5%,2%,Not Available,3%
Kantar,,2020-11-05,2020-11-09,National,1141,Provided,Not Available,1%,40%,36%,8%,5%,0%,Not Available,1%,5%,2%,Not Available,1%
Opinium,The Observer,2020-11-05,2020-11-06,National,2003,Provided,Not Available,1%,38%,42%,7%,5%,1%,Not Available,2%,3%,Not Available,Not Available,3%
Survation,,2020-11-05,2020-11-06,National,1034,Provided,Not Available,1%,39%,37%,9%,5%,0%,Not Available,Not Available,4%,2%,Not Available,4%
YouGov,The Times,2020-11-04,2020-11-05,National,1665,Provided,Not Available,1%,35%,40%,7%,5%,1%,Not Available,Not Available,4%,6%,Not Available,2%
Savanta ComRes,,2020-10-30,2020-11-02,National,Not Available,N/A,Not Available,1%,40%,40%,7%,5%,1%,Not Available,Not Available,3%,2%,Not Available,2%
YouGov,,2020-10-28,2020-10-29,National,1658,Provided,Not Available,1%,38%,38%,6%,5%,1%,Not Available,Not Available,5%,4%,Not Available,2%
Redfield & Wilton Strategies,,2020-10-28,2020-10-28,National,3000,Provided,Not Available,1%,39%,41%,7%,4%,0%,Not Available,Not Available,4%,Not Available,Not Available,4%
Ipsos MORI,Evening Standard,2020-10-22,2020-10-28,National,1007,Provided,Not Available,1%,37%,42%,8%,6%,1%,Not Available,Not Available,5%,1%,Not Available,1%
Savanta ComRes,,2020-10-23,2020-10-26,National,2111,Provided,Not Available,1%,42%,39%,7%,4%,0%,Not Available,Not Available,3%,2%,Not Available,2%
Deltapoll,The Mail on Sunday,2020-10-22,2020-10-24,National,1589,Provided,Not Available,1%,42%,39%,7%,3%,0%,Not Available,2%,3%,3%,Not Available,2%
Opinium,The Observer,2020-10-22,2020-10-23,National,2002,Provided,Not Available,1%,38%,40%,6%,5%,1%,Not Available,2%,5%,Not Available,Not Available,3%
YouGov,The Times,2020-10-21,2020-10-22,National,1665,Provided,Not Available,1%,40%,39%,7%,5%,1%,Not Available,Not Available,5%,3%,Not Available,2%
Redfield & Wilton Strategies,,2020-10-21,2020-10-21,National,3000,Provided,Not Available,1%,40%,40%,7%,5%,0%,Not Available,Not Available,4%,Not Available,Not Available,3%
Savanta ComRes,,2020-10-16,2020-10-18,National,2274,Provided,Not Available,1%,42%,36%,8%,4%,1%,Not Available,Not Available,3%,2%,Not Available,4%
Number Cruncher Politics,Peston,2020-10-09,2020-10-17,National,2088,Provided,Not Available,1%,41%,38%,5%,5%,0%,Not Available,Not Available,6%,4%,Not Available,1%
YouGov,The Times,2020-10-14,2020-10-15,National,1675,Provided,Not Available,1%,39%,38%,6%,5%,1%,Not Available,Not Available,6%,5%,Not Available,1%
Savanta ComRes,,2020-10-09,2020-10-11,National,2123,Provided,Not Available,1%,39%,39%,7%,5%,1%,Not Available,Not Available,4%,3%,Not Available,3%
Opinium,The Observer,2020-10-08,2020-10-09,National,2001,Provided,Not Available,1%,40%,40%,6%,6%,1%,Not Available,3%,3%,Not Available,Not Available,2%
Redfield & Wilton Strategies,,2020-10-06,2020-10-07,National,2000,Provided,Not Available,1%,41%,39%,8%,4%,0%,Not Available,Not Available,4%,Not Available,Not Available,3%
YouGov,The Times,2020-10-06,2020-10-07,National,1673,Provided,Not Available,1%,41%,38%,5%,5%,1%,Not Available,Not Available,6%,3%,Not Available,1%
Survation,,2020-10-05,2020-10-06,National,1022,Provided,Not Available,1%,41%,37%,7%,4%,1%,Not Available,Not Available,4%,1%,Not Available,5%
Savanta ComRes,,2020-10-02,2020-10-04,National,2083,Provided,Not Available,1%,42%,39%,7%,4%,1%,Not Available,Not Available,4%,2%,Not Available,2%
Redfield & Wilton Strategies,,2020-09-30,2020-10-01,National,4000,Provided,Not Available,1%,39%,39%,8%,5%,0%,Not Available,Not Available,5%,Not Available,Not Available,3%
YouGov,The Times,2020-09-29,2020-09-30,National,1700,Provided,Not Available,1%,39%,39%,6%,5%,1%,Not Available,Not Available,5%,4%,Not Available,1%
Savanta ComRes,,2020-09-25,2020-09-28,National,2083,Provided,Not Available,1%,41%,38%,8%,5%,0%,Not Available,Not Available,3%,2%,Not Available,2%
Deltapoll,The Mail on Sunday,2020-09-24,2020-09-25,National,1583,Provided,Not Available,1%,42%,38%,6%,5%,0%,Not Available,2%,4%,3%,Not Available,0%
Opinium,The Observer,2020-09-23,2020-09-25,National,2002,Provided,Not Available,1%,39%,42%,5%,6%,1%,Not Available,1%,4%,Not Available,Not Available,2%
YouGov,The Times,2020-09-23,2020-09-24,National,1623,Provided,Not Available,1%,41%,38%,6%,4%,1%,Not Available,Not Available,5%,3%,Not Available,2%
Redfield & Wilton Strategies,,2020-09-22,2020-09-23,National,2500,Provided,Not Available,1%,40%,40%,7%,4%,0%,Not Available,Not Available,5%,Not Available,Not Available,3%
Kantar,,2020-09-17,2020-09-21,National,1125,Provided,Not Available,1%,40%,38%,9%,4%,1%,Not Available,2%,4%,3%,Not Available,1%
Savanta ComRes,,2020-09-18,2020-09-20,National,2109,Provided,Not Available,1%,40%,37%,8%,5%,0%,Not Available,Not Available,3%,3%,Not Available,4%
Ipsos MORI,Evening Standard,2020-09-11,2020-09-18,National,1013,Provided,Not Available,1%,40%,37%,8%,6%,1%,Not Available,Not Available,5%,Not Available,Not Available,2%
YouGov,The Times,2020-09-16,2020-09-17,National,1618,Provided,Not Available,1%,40%,40%,6%,4%,1%,Not Available,Not Available,5%,3%,Not Available,1%
Survation,,2020-09-15,2020-09-16,National,1003,Provided,Not Available,1%,40%,38%,7%,5%,1%,Not Available,Not Available,4%,1%,Not Available,4%
Redfield & Wilton Strategies,,2020-09-15,2020-09-16,National,2500,Provided,Not Available,1%,41%,39%,8%,5%,0%,Not Available,Not Available,5%,Not Available,Not Available,3%
Opinium,The Observer,2020-09-11,2020-09-11,National,2001,Provided,Not Available,1%,42%,39%,6%,5%,1%,Not Available,1%,4%,Not Available,Not Available,1%
YouGov,The Times,2020-09-08,2020-09-09,National,1615,Provided,Not Available,1%,42%,37%,6%,5%,1%,Not Available,Not Available,4%,3%,Not Available,1%
Number Cruncher Politics,Bloomberg,2020-09-04,2020-09-08,National,1001,Provided,Not Available,1%,42%,38%,6%,5%,0%,Not Available,Not Available,5%,2%,Not Available,2%
YouGov,The Times,2020-09-03,2020-09-04,National,1633,Provided,Not Available,1%,43%,37%,6%,6%,1%,Not Available,Not Available,4%,3%,Not Available,1%
Survation,,2020-09-02,2020-09-04,National,1046,Provided,Not Available,1%,40%,38%,8%,5%,1%,Not Available,Not Available,4%,1%,Not Available,4%
Redfield & Wilton Strategies,,2020-09-01,2020-09-02,National,2500,Provided,Not Available,1%,43%,37%,8%,4%,0%,Not Available,Not Available,4%,Not Available,Not Available,3%
Opinium,The Observer,2020-08-26,2020-08-28,National,2002,Provided,Not Available,1%,40%,40%,6%,5%,0%,Not Available,2%,3%,Not Available,Not Available,0%
YouGov,The Times,2020-08-24,2020-08-25,National,1669,Provided,Not Available,1%,43%,36%,6%,5%,1%,Not Available,Not Available,4%,3%,Not Available,3%
Redfield & Wilton Strategies,,2020-08-24,2020-08-24,National,2000,Provided,Not Available,1%,42%,37%,9%,4%,0%,Not Available,Not Available,5%,Not Available,Not Available,3%
Survation,,2020-08-21,2020-08-21,National,1005,Provided,Not Available,1%,41%,37%,9%,5%,0%,Not Available,Not Available,4%,1%,Not Available,3%
Redfield & Wilton Strategies,,2020-08-19,2020-08-19,National,2000,Provided,Not Available,1%,44%,37%,7%,4%,0%,Not Available,Not Available,4%,Not Available,Not Available,3%
YouGov,The Times,2020-08-18,2020-08-19,National,1652,Provided,Not Available,1%,40%,38%,6%,5%,1%,Not Available,Not Available,6%,4%,Not Available,1%
Savanta ComRes,,2020-08-14,2020-08-16,National,2083,Provided,Not Available,1%,42%,37%,7%,4%,1%,Not Available,Not Available,3%,2%,Not Available,4%
Opinium,The Observer,2020-08-13,2020-08-14,National,2005,Provided,Not Available,1%,42%,39%,5%,5%,1%,Not Available,3%,3%,3%,Not Available,2%
Redfield & Wilton Strategies,,2020-08-12,2020-08-12,National,2000,Provided,Not Available,1%,43%,36%,9%,4%,0%,Not Available,Not Available,4%,Not Available,Not Available,3%
YouGov,The Times,2020-08-11,2020-08-12,National,1634,Provided,Not Available,1%,44%,35%,5%,6%,1%,Not Available,Not Available,5%,3%,Not Available,1%
Kantar,,2020-08-06,2020-08-10,National,1161,Provided,Not Available,1%,42%,35%,8%,6%,1%,Not Available,1%,3%,3%,Not Available,1%
YouGov,The Times,2020-08-04,2020-08-05,National,1606,Provided,Not Available,1%,42%,36%,8%,5%,1%,Not Available,0%,5%,2%,Not Available,1%
Ipsos MORI,Evening Standard,2020-07-30,2020-08-04,National,1019,Provided,Not Available,1%,45%,37%,6%,5%,0%,Not Available,Not Available,5%,1%,Not Available,1%
Survation,,2020-07-31,2020-08-03,National,1019,Provided,Not Available,1%,44%,35%,8%,4%,0%,Not Available,Not Available,5%,0%,Not Available,3%
YouGov,The Times,2020-07-31,2020-07-31,National,1623,Provided,Not Available,1%,43%,35%,6%,5%,1%,Not Available,0%,5%,3%,Not Available,1%
Opinium,The Observer,2020-07-31,2020-07-31,National,2002,Provided,Not Available,1%,41%,38%,6%,6%,1%,Not Available,2%,4%,Not Available,Not Available,3%
Redfield & Wilton Strategies,,2020-07-29,2020-07-29,National,2000,Provided,Not Available,1%,43%,38%,7%,4%,0%,Not Available,Not Available,4%,Not Available,Not Available,3%
Opinium,The Observer,2020-07-23,2020-07-24,National,2002,Provided,Not Available,1%,42%,38%,6%,5%,1%,Not Available,2%,4%,Not Available,Not Available,3%
YouGov,The Times,2020-07-22,2020-07-23,National,1648,Provided,Not Available,1%,44%,35%,7%,5%,1%,Not Available,Not Available,4%,3%,Not Available,1%
Redfield & Wilton Strategies,,2020-07-22,2020-07-22,National,2000,Provided,Not Available,1%,44%,36%,8%,4%,1%,Not Available,Not Available,5%,Not Available,Not Available,3%
Savanta ComRes,,2020-07-17,2020-07-19,National,2085,Provided,Not Available,1%,43%,36%,6%,5%,1%,Not Available,Not Available,2%,2%,Not Available,4%
Opinium,The Observer,2020-07-15,2020-07-17,National,2003,Provided,Not Available,1%,44%,36%,6%,6%,1%,Not Available,1%,4%,Not Available,Not Available,2%
Redfield & Wilton Strategies,,2020-07-15,2020-07-15,National,2000,Provided,Not Available,1%,44%,37%,8%,4%,0%,Not Available,Not Available,4%,Not Available,Not Available,2%
Kantar,,2020-07-09,2020-07-13,National,1131,Provided,Not Available,1%,45%,35%,9%,5%,1%,Not Available,1%,2%,2%,Not Available,1%
Survation,,2020-07-10,2020-07-12,National,2022,Provided,Not Available,1%,42%,36%,8%,4%,1%,Not Available,Not Available,5%,1%,Not Available,3%
Opinium,The Observer,2020-07-09,2020-07-10,National,2002,Provided,Not Available,1%,42%,38%,6%,6%,1%,Not Available,2%,4%,Not Available,Not Available,1%
Deltapoll,,2020-07-09,2020-07-10,National,1541,Provided,Not Available,1%,44%,38%,7%,5%,0%,Not Available,1%,3%,3%,Not Available,4%
YouGov,,2020-07-08,2020-07-09,National,1614,Provided,Not Available,1%,46%,36%,6%,5%,1%,Not Available,Not Available,3%,2%,Not Available,1%
Redfield & Wilton Strategies,,2020-07-08,2020-07-08,National,2000,Provided,Not Available,1%,44%,39%,7%,4%,0%,Not Available,Not Available,4%,Not Available,Not Available,2%
Survation,,2020-07-03,2020-07-06,National,1012,Provided,Not Available,1%,44%,37%,7%,4%,0%,Not Available,Not Available,4%,0%,Not Available,3%
Deltapoll,The Mail on Sunday,2020-07-02,2020-07-03,National,1549,Provided,Not Available,1%,41%,36%,7%,3%,0%,Not Available,3%,5%,4%,Not Available,1%
Opinium,The Observer,2020-07-01,2020-07-03,National,2002,Provided,Not Available,1%,41%,37%,8%,5%,1%,Not Available,2%,4%,Not Available,Not Available,2%
Redfield & Wilton Strategies,Election Maps UK,2020-07-01,2020-07-01,National,2000,Provided,Not Available,1%,42%,38%,8%,4%,0%,Not Available,Not Available,5%,Not Available,Not Available,2%
YouGov,The Times,2020-06-26,2020-06-28,National,1626,Provided,Not Available,1%,45%,37%,5%,5%,1%,Not Available,0%,4%,2%,Not Available,Not Available
Opinium,The Observer,2020-06-25,2020-06-26,National,2001,Provided,Not Available,1%,43%,39%,6%,5%,1%,Not Available,2%,4%,Not Available,Not Available,1%
Redfield & Wilton Strategies,Election Maps UK,2020-06-25,2020-06-25,National,2000,Provided,Not Available,1%,44%,38%,7%,4%,0%,Not Available,Not Available,4%,Not Available,Not Available,2%
Survation,,2020-06-24,2020-06-25,National,2003,Provided,Not Available,1%,43%,36%,8%,5%,0%,Not Available,Not Available,4%,0%,Not Available,4%
Opinium,The Observer,2020-06-18,2020-06-19,National,2001,Provided,Not Available,1%,44%,40%,5%,5%,1%,Not Available,1%,3%,Not Available,Not Available,3%
Redfield & Wilton Strategies,,2020-06-18,2020-06-18,National,2000,Provided,Not Available,1%,43%,38%,8%,4%,0%,Not Available,Not Available,4%,Not Available,Not Available,3%
Kantar,,2020-06-11,2020-06-15,National,1124,Provided,Not Available,1%,43%,35%,8%,5%,0%,Not Available,1%,4%,2%,Not Available,0%
Savanta ComRes,The Daily Telegraph,2020-06-12,2020-06-14,National,2106,Provided,Not Available,1%,40%,36%,9%,5%,1%,Not Available,Not Available,3%,Not Available,Not Available,Not Available
Opinium,The Observer,2020-06-11,2020-06-12,National,2001,Provided,Not Available,1%,44%,39%,6%,5%,0%,Not Available,1%,2%,Not Available,Not Available,1%
YouGov,The Times,2020-06-11,2020-06-12,National,1693,Provided,Not Available,1%,45%,37%,6%,5%,1%,Not Available,NA%,4%,2%,Not Available,0%
Redfield & Wilton Strategies,,2020-06-11,2020-06-11,National,1500,Provided,Not Available,1%,42%,39%,9%,5%,0%,Not Available,Not Available,4%,Not Available,Not Available,2%
Survation,,2020-06-09,2020-06-10,National,1062,Provided,Not Available,1%,42%,36%,8%,5%,1%,Not Available,Not Available,4%,1%,Not Available,3%
Ipsos MORI,Evening Standard,2020-06-05,2020-06-10,National,1059,Provided,Not Available,1%,43%,38%,10%,4%,1%,Not Available,Not Available,3%,0%,Not Available,1%
Opinium,The Observer,2020-06-04,2020-06-05,National,2002,Provided,Not Available,1%,43%,40%,6%,5%,1%,Not Available,2%,3%,Not Available,Not Available,0%
Deltapoll,,2020-06-04,2020-06-05,National,1547,Provided,Not Available,1%,41%,38%,8%,2%,0%,Not Available,2%,4%,3%,Not Available,1%
Survation,,2020-06-03,2020-06-03,National,1018,Provided,Not Available,1%,41%,38%,7%,4%,1%,Not Available,Not Available,4%,1%,Not Available,3%
Redfield & Wilton Strategies,,2020-06-03,2020-06-03,National,1500,Provided,Not Available,1%,43%,36%,9%,4%,1%,Not Available,Not Available,5%,Not Available,Not Available,3%
YouGov,The Times,2020-05-29,2020-05-30,National,1650,Provided,Not Available,1%,45%,35%,6%,5%,0%,Not Available,Not Available,5%,2%,Not Available,1%
Opinium,The Observer,2020-05-28,2020-05-29,National,2012,Provided,Not Available,1%,43%,39%,6%,5%,0%,Not Available,1%,3%,0%,Not Available,2%
Deltapoll,The Mail on Sunday,2020-05-27,2020-05-28,National,1557,Provided,Not Available,1%,43%,38%,8%,3%,0%,Not Available,2%,4%,2%,Not Available,0%
Redfield & Wilton Strategies,,2020-05-27,2020-05-27,National,1500,Provided,Not Available,1%,43%,37%,9%,5%,0%,Not Available,Not Available,3%,3%,Not Available,3%
YouGov,Datapraxis,2020-05-26,2020-05-27,National,2029,Provided,Not Available,1%,43%,38%,6%,5%,1%,Not Available,Not Available,4%,3%,Not Available,1%
YouGov,The Times,2020-05-25,2020-05-26,National,1629,Provided,Not Available,1%,44%,38%,6%,5%,1%,Not Available,Not Available,4%,2%,Not Available,1%
Survation,,2020-05-22,2020-05-26,National,1040,Provided,Not Available,1%,46%,33%,8%,5%,0%,Not Available,Not Available,4%,0%,Not Available,4%
Opinium,The Observer,2020-05-21,2020-05-22,National,2008,Provided,Not Available,1%,47%,35%,6%,5%,0%,Not Available,2%,3%,0%,Not Available,1%
YouGov,The Times,2020-05-18,2020-05-19,National,1718,Provided,Not Available,1%,48%,33%,6%,5%,1%,Not Available,Not Available,5%,2%,Not Available,1%
Savanta ComRes,,2020-05-15,2020-05-17,National,2079,Provided,Not Available,1%,46%,33%,7%,4%,1%,Not Available,Not Available,4%,2%,Not Available,1%
Redfield & Wilton Strategies,,2020-05-15,2020-05-15,National,1500,Provided,Not Available,1%,47%,35%,9%,4%,0%,Not Available,Not Available,3%,0%,Not Available,2%
Opinium,The Observer,2020-05-13,2020-05-14,National,1062,Provided,Not Available,1%,49%,34%,6%,5%,0%,Not Available,1%,3%,0%,Not Available,1%
Kantar,,2020-05-05,2020-05-11,National,1130,Provided,Not Available,1%,51%,32%,7%,5%,1%,Not Available,Not Available,2%,2%,Not Available,1%
Opinium,The Observer,2020-05-05,2020-05-07,National,1053,Provided,Not Available,1%,49%,33%,6%,5%,1%,Not Available,1%,5%,0%,Not Available,1%
Redfield & Wilton Strategies,,2020-05-06,2020-05-06,National,1500,Provided,Not Available,1%,50%,31%,7%,4%,0%,Not Available,Not Available,5%,Not Available,Not Available,3%
YouGov,The Times,2020-05-05,2020-05-06,National,1667,Provided,Not Available,1%,50%,30%,7%,4%,1%,Not Available,Not Available,5%,3%,Not Available,1%
Opinium,The Observer,2020-04-27,2020-05-01,National,1072,Provided,Not Available,1%,51%,33%,6%,5%,1%,Not Available,1%,3%,0%,Not Available,1%
Survation,,2020-04-27,2020-04-28,National,1023,Provided,Not Available,1%,48%,31%,8%,4%,1%,Not Available,Not Available,5%,1%,Not Available,3%
Redfield & Wilton Strategies,,2020-04-26,2020-04-26,National,1500,Provided,Not Available,1%,50%,33%,7%,5%,0%,Not Available,Not Available,4%,Not Available,Not Available,1%
Opinium,The Observer,2020-04-21,2020-04-23,National,2000,Provided,Not Available,1%,50%,33%,7%,5%,0%,Not Available,1%,3%,0%,Not Available,1%
Kantar,,2020-04-16,2020-04-20,National,1118,Provided,Not Available,1%,54%,28%,9%,4%,1%,Not Available,Not Available,4%,1%,Not Available,0%
Redfield & Wilton Strategies,,2020-04-17,2020-04-17,National,1500,Provided,Not Available,1%,52%,31%,8%,4%,1%,Not Available,Not Available,3%,Not Available,Not Available,2%
YouGov,The Times,2020-04-16,2020-04-17,National,2015,Provided,Not Available,1%,53%,32%,5%,4%,1%,Not Available,Not Available,3%,1%,Not Available,1%
Opinium,,2020-04-15,2020-04-17,National,2000,Provided,Not Available,1%,51%,32%,6%,5%,0%,Not Available,1%,3%,0%,Not Available,1%
Opinium,,2020-04-07,2020-04-09,National,2005,Provided,Not Available,1%,55%,29%,5%,5%,0%,Not Available,1%,4%,0%,Not Available,1%
BMG Research,The Independent,2020-04-07,2020-04-09,National,1541,Provided,Not Available,1%,46%,29%,10%,3%,1%,Not Available,1%,6%,2%,Not Available,1%
Opinium,,2020-04-01,2020-04-03,National,2000,Provided,Not Available,1%,53%,30%,7%,5%,1%,Not Available,1%,3%,0%,Not Available,1%
Redfield & Wilton Strategies,,2020-04-01,2020-04-02,National,2000,Provided,Not Available,1%,49%,29%,8%,4%,1%,Not Available,Not Available,4%,Not Available,Not Available,5%
YouGov,The Times,2020-04-01,2020-04-02,National,1631,Provided,Not Available,1%,52%,28%,8%,5%,1%,Not Available,Not Available,5%,1%,Not Available,Not Available
Opinium,,2020-03-26,2020-03-27,National,2006,Provided,Not Available,1%,54%,28%,6%,5%,1%,Not Available,Not Available,3%,0%,Not Available,1%
Number Cruncher Politics,Bloomberg,2020-03-24,2020-03-26,National,1010,Provided,Not Available,1%,54%,28%,7%,4%,0%,Not Available,Not Available,4%,2%,Not Available,0%
Redfield & Wilton Strategies,,2020-03-23,2020-03-23,National,1500,Provided,Not Available,1%,47%,29%,8%,5%,1%,Not Available,Not Available,5%,Not Available,Not Available,5%
Opinium,The Observer,2020-03-19,2020-03-20,National,2005,Provided,Not Available,1%,51%,31%,7%,5%,1%,Not Available,1%,3%,0%,Not Available,1%
Ipsos MORI,,2020-03-13,2020-03-16,National,1003,Provided,Not Available,1%,52%,30%,9%,4%,1%,Not Available,Not Available,4%,0%,Not Available,0%
Opinium,The Observer,2020-03-12,2020-03-13,National,2005,Provided,Not Available,1%,49%,32%,6%,5%,1%,Not Available,Not Available,5%,0%,Not Available,1%
Kantar,,2020-03-05,2020-03-09,National,1171,Provided,Not Available,1%,50%,29%,11%,4%,1%,Not Available,1%,2%,1%,Not Available,1%
BMG Research,The Independent,2020-03-03,2020-03-06,National,1498,Provided,Not Available,1%,45%,28%,11%,3%,1%,Not Available,1%,6%,3%,Not Available,1%
Savanta ComRes,Sunday Express,2020-02-19,2020-02-20,National,2005,Provided,Not Available,1%,47%,31%,9%,4%,1%,Not Available,Not Available,4%,3%,Not Available,Not Available
Opinium,The Observer,2020-02-12,2020-02-14,National,2007,Provided,Not Available,1%,47%,32%,7%,6%,1%,Not Available,Not Available,4%,2%,Not Available,1%
Redfield & Wilton Strategies,,2020-02-12,2020-02-12,National,1216,Provided,Not Available,1%,49%,31%,9%,4%,1%,Not Available,Not Available,4%,Not Available,Not Available,2%
YouGov,The Times,2020-02-09,2020-02-10,National,1694,Provided,Not Available,1%,48%,28%,10%,4%,1%,Not Available,Not Available,6%,2%,Not Available,1%
BMG Research,The Independent,2020-02-04,2020-02-07,National,1503,Provided,Not Available,1%,41%,29%,11%,5%,1%,Not Available,2%,8%,3%,Not Available,1%
Ipsos MORI,Evening Standard,2020-01-31,2020-02-03,National,1001,Provided,Not Available,1%,47%,30%,11%,4%,1%,Not Available,Not Available,5%,1%,Not Available,1%
YouGov,The Times,2020-01-31,2020-02-02,National,1575,Provided,Not Available,1%,49%,30%,8%,4%,1%,Not Available,Not Available,5%,2%,Not Available,1%
Survation,The Times,2020-01-30,2020-01-31,National,1015,Provided,Not Available,1%,44%,33%,10%,5%,0%,Not Available,Not Available,3%,3%,Not Available,2%
YouGov,The Times,2020-01-24,2020-01-26,National,1628,Provided,Not Available,1%,49%,29%,10%,5%,1%,Not Available,Not Available,4%,2%,Not Available,0%
Opinium,,2020-01-15,2020-01-17,National,1978,Provided,Not Available,1%,47%,30%,9%,5%,0%,Not Available,Not Available,4%,3%,Not Available,2%
BMG Research,The Independent,2020-01-08,2020-01-10,National,1508,Provided,Not Available,0.5%,44.0%,29.0%,11.0%,3.0%,0.5%,Not Available,Not Available,5.0%,4.0%,Not Available,2.0%
Survation,,2019-12-10,2019-12-11,National,2395,Provided,Not Available,1%,45%,34%,9%,4%,1%,Not Available,Not Available,3%,3%,Not Available,1%
Panelbase,,2019-12-10,2019-12-11,National,3174,Provided,Not Available,1%,43%,34%,11%,4%,0%,Not Available,Not Available,3%,4%,Not Available,Not Available
Opinium,,2019-12-10,2019-12-11,National,3005,Provided,Not Available,1%,45%,33%,12%,4%,0%,Not Available,Not Available,2%,2%,Not Available,1%
Ipsos MORI,Evening Standard,2019-12-09,2019-12-11,National,2213,Provided,Not Available,1%,44%,33%,12%,Not Available,Not Available,Not Available,Not Available,3%,2%,Not Available,6%
Deltapoll,,2019-12-09,2019-12-11,National,1818,Provided,Not Available,1%,45%,35%,10%,4%,0%,Not Available,Not Available,3%,4%,Not Available,0%
Kantar Public,,2019-12-09,2019-12-11,National,2815,Provided,Not Available,1%,44%,32%,13%,4%,0%,Not Available,Not Available,3%,3%,Not Available,1%
BMG Research,,2019-12-06,2019-12-11,National,1660,Provided,Not Available,1%,41%,32%,14%,Not Available,Not Available,Not Available,Not Available,3%,4%,Not Available,6%
ComRes,Daily Telegraph,2019-12-09,2019-12-10,National,2051,Provided,Not Available,1%,41%,36%,12%,4%,Not Available,Not Available,Not Available,2%,3%,Not Available,2%
Number Cruncher Politics,Bloomberg,2019-12-08,2019-12-10,National,1009,Provided,Not Available,1%,43%,33%,12%,4%,1%,Not Available,Not Available,3%,3%,Not Available,1%
ICM Research,,2019-12-06,2019-12-09,National,2011,Provided,Not Available,1%,42%,36%,12%,3%,0%,Not Available,0%,2%,3%,Not Available,1%
ComRes,Remain United,2019-12-06,2019-12-08,National,6073,Provided,Not Available,1%,43%,36%,12%,4%,0%,Not Available,Not Available,2%,3%,Not Available,1%
Qriously,,2019-12-05,2019-12-08,National,2222,Provided,Not Available,1%,43%,30%,12%,2%,Not Available,Not Available,Not Available,4%,3%,Not Available,5%
Survation,Good Morning Britain,2019-12-05,2019-12-07,National,1012,Provided,Not Available,1%,45%,31%,11%,3%,1%,Not Available,Not Available,2%,4%,Not Available,4%
Deltapoll,The Mail on Sunday,2019-12-05,2019-12-07,National,1533,Provided,Not Available,1%,44%,33%,11%,4%,0%,Not Available,1%,2%,3%,Not Available,1%
YouGov,The Sunday Times,2019-12-05,2019-12-06,National,1680,Provided,Not Available,1%,43%,33%,13%,4%,0%,Not Available,Not Available,3%,3%,Not Available,1%
BMG Research,The Independent,2019-12-04,2019-12-06,National,1542,Provided,Not Available,1%,41%,32%,14%,3%,0%,Not Available,0%,4%,4%,0%,1%
Opinium,The Observer,2019-12-04,2019-12-06,National,2002,Provided,Not Available,1%,46%,31%,13%,4%,0%,Not Available,Not Available,2%,3%,Not Available,1%
Panelbase,,2019-12-04,2019-12-06,National,2033,Provided,Not Available,1%,43%,34%,13%,4%,1%,Not Available,Not Available,2%,3%,Not Available,0%
ComRes,The Sunday Telegraph,2019-12-04,2019-12-05,National,2034,Provided,Not Available,1%,41%,33%,12%,4%,Not Available,Not Available,Not Available,2%,3%,Not Available,5%
ComRes,Remain United,2019-12-02,2019-12-05,National,2005,Provided,Not Available,1%,42%,36%,11%,3%,Not Available,Not Available,Not Available,2%,4%,Not Available,1%
Ipsos MORI,Evening Standard,2019-12-02,2019-12-04,National,1545,Provided,Not Available,1%,44%,32%,13%,4%,1%,Not Available,Not Available,3%,2%,Not Available,1%
ComRes,Daily Telegraph,2019-12-02,2019-12-03,National,2041,Provided,Not Available,1%,42%,32%,12%,4%,Not Available,Not Available,Not Available,2%,3%,Not Available,5%
YouGov,The Times and Sky News,2019-12-02,2019-12-03,National,1699,Provided,Not Available,1%,42%,33%,12%,5%,0%,Not Available,Not Available,4%,4%,Not Available,1%
ICM Research,,2019-11-29,2019-12-02,National,2029,Provided,Not Available,1%,42%,35%,13%,3%,0%,Not Available,Not Available,2%,3%,Not Available,1%
Kantar Public,,2019-11-28,2019-12-02,National,1096,Provided,Not Available,1%,44%,32%,15%,3%,1%,Not Available,Not Available,3%,2%,Not Available,1%
Deltapoll,The Mail on Sunday,2019-11-28,2019-11-30,National,1528,Provided,Not Available,1%,45%,32%,15%,3%,0%,Not Available,0%,1%,3%,Not Available,0%
Survation,Good Morning Britain,2019-11-26,2019-11-30,National,1065,Provided,Not Available,1%,42%,33%,11%,3%,1%,Not Available,Not Available,4%,3%,Not Available,3%
YouGov,The Sunday Times,2019-11-28,2019-11-29,National,1680,Provided,Not Available,1%,43%,34%,13%,4%,0%,Not Available,Not Available,3%,2%,Not Available,1%
Opinium,The Observer,2019-11-27,2019-11-29,National,2018,Provided,Not Available,1%,46%,31%,13%,4%,0%,Not Available,Not Available,3%,2%,Not Available,2%
ComRes,The Sunday Telegraph,2019-11-27,2019-11-28,National,2025,Provided,Not Available,1%,43%,33%,13%,3%,Not Available,Not Available,Not Available,3%,4%,Not Available,1%
Panelbase,,2019-11-27,2019-11-28,National,2010,Provided,Not Available,1%,42%,34%,13%,3%,0%,Not Available,Not Available,3%,4%,Not Available,1%
BMG Research,The Independent,2019-11-26,2019-11-27,National,1663,Provided,Not Available,1%,39%,33%,13%,4%,0%,Not Available,0%,5%,4%,0%,1%
ComRes,Daily Telegraph,2019-11-25,2019-11-26,National,2034,Provided,Not Available,1%,41%,34%,13%,3%,Not Available,Not Available,Not Available,2%,5%,Not Available,1%
YouGov,The Times and Sky News,2019-11-25,2019-11-26,National,1678,Provided,Not Available,1%,43%,32%,13%,4%,0%,Not Available,Not Available,2%,4%,Not Available,1%
ICM Research,,2019-11-22,2019-11-25,National,2004,Provided,Not Available,1%,41%,34%,13%,3%,1%,Not Available,0%,3%,4%,Not Available,1%
Kantar Public,,2019-11-21,2019-11-25,National,1097,Provided,Not Available,1%,43%,32%,14%,4%,0%,Not Available,Not Available,4%,3%,Not Available,0%
Deltapoll,The Mail on Sunday,2019-11-21,2019-11-23,National,1519,Provided,Not Available,1%,43%,30%,16%,4%,0%,Not Available,Not Available,3%,3%,Not Available,0%
Survation,Good Morning Britain,2019-11-20,2019-11-23,National,1010,Provided,Not Available,1%,41%,30%,15%,3%,1%,Not Available,Not Available,3%,5%,Not Available,4%
YouGov,The Sunday Times,2019-11-21,2019-11-22,National,1677,Provided,Not Available,1%,42%,30%,16%,4%,0%,Not Available,Not Available,4%,3%,Not Available,1%
Opinium,The Observer,2019-11-20,2019-11-22,National,2003,Provided,Not Available,1%,47%,28%,12%,5%,0%,Not Available,0%,3%,3%,0%,1%
Panelbase,,2019-11-20,2019-11-22,National,2028,Provided,Not Available,1%,42%,32%,14%,3%,1%,Not Available,Not Available,3%,3%,Not Available,2%
ComRes,The Sunday Express,2019-11-20,2019-11-21,National,2038,Provided,Not Available,1%,42%,32%,15%,3%,Not Available,Not Available,Not Available,2%,5%,Not Available,1%
BMG Research,,2019-11-19,2019-11-21,National,1663,Provided,Not Available,1%,41%,28%,18%,2%,0%,Not Available,Not Available,5%,3%,Not Available,1%
YouGov,,2019-11-12,2019-11-20,National,11277,Provided,Not Available,1%,43%,29%,15%,4%,1%,Not Available,Not Available,3%,4%,Not Available,2%
ComRes,Daily Telegraph,2019-11-18,2019-11-19,National,1628,Provided,Not Available,1%,42%,31%,15%,4%,Not Available,Not Available,Not Available,2%,5%,Not Available,1%
YouGov,The Times,2019-11-18,2019-11-19,National,1606,Provided,Not Available,1%,42%,30%,15%,4%,0%,Not Available,Not Available,4%,4%,Not Available,1%
Ipsos MORI,Evening Standard,2019-11-15,2019-11-19,National,1128,Provided,Not Available,1%,44%,28%,16%,4%,1%,Not Available,Not Available,3%,3%,Not Available,1%
ICM Research,,2019-11-15,2019-11-18,National,2010,Provided,Not Available,1%,42%,32%,13%,3%,0%,Not Available,Not Available,3%,5%,Not Available,2%
Kantar Public,,2019-11-14,2019-11-18,National,1176,Provided,Not Available,1%,45%,27%,16%,4%,1%,Not Available,Not Available,3%,2%,Not Available,2%
Survation,,2019-11-14,2019-11-16,National,1010,Provided,Not Available,1%,42%,28%,13%,3%,1%,Not Available,Not Available,3%,5%,Not Available,4%
Deltapoll,The Mail on Sunday,2019-11-10,2019-11-16,National,1526,Provided,Not Available,1%,45%,30%,11%,3%,Not Available,Not Available,Not Available,3%,6%,Not Available,2%
Opinium,The Observer,2019-11-13,2019-11-15,National,2008,Provided,Not Available,1%,44%,28%,14%,4%,1%,Not Available,0%,3%,6%,0%,Not Available
YouGov,The Sunday Times,2019-11-14,2019-11-15,National,1670,Provided,Not Available,1%,45%,28%,15%,4%,0%,Not Available,Not Available,3%,4%,Not Available,2%
BMG Research,,2019-11-09,2019-11-15,National,1598,Provided,Not Available,1%,37%,29%,16%,3%,Not Available,Not Available,Not Available,2%,9%,Not Available,4%
ComRes,The Sunday Telegraph,2019-11-13,2019-11-14,National,2052,Provided,Not Available,1%,41%,33%,14%,3%,Not Available,Not Available,Not Available,5%,2%,Not Available,2%
Panelbase,,2019-11-13,2019-11-14,National,1021,Provided,Not Available,1%,43%,30%,15%,4%,Not Available,Not Available,0%,2%,5%,Not Available,0%
ComRes,Daily Telegraph,2019-11-11,2019-11-12,National,2022,Provided,Not Available,1%,40%,30%,16%,4%,0%,Not Available,0%,3%,7%,0%,1%
YouGov,The Times and Sky News,2019-11-11,2019-11-12,National,1619,Provided,Not Available,1%,42%,28%,15%,3%,1%,Not Available,Not Available,4%,4%,Not Available,Not Available
ICM Research,,2019-11-08,2019-11-11,National,2035,Provided,Not Available,1%,39%,31%,15%,3%,1%,Not Available,1%,3%,8%,Not Available,0%
Kantar Public,,2019-11-07,2019-11-11,National,1165,Provided,Not Available,1%,37%,27%,17%,3%,1%,Not Available,1%,3%,9%,1%,1%
ComRes,Britain Elects,2019-11-08,2019-11-10,National,2014,Provided,Not Available,1%,37%,29%,17%,4%,Not Available,Not Available,0%,3%,9%,Not Available,1%
Deltapoll,The Mail on Sunday,2019-11-06,2019-11-09,National,1518,Provided,Not Available,1%,41%,29%,16%,3%,0%,Not Available,1%,2%,6%,Not Available,1%
YouGov,The Sunday Times and Sky News,2019-11-07,2019-11-08,National,1670,Provided,Not Available,1%,39%,26%,17%,4%,1%,Not Available,Not Available,3%,10%,Not Available,0%
Opinium,The Observer,2019-11-06,2019-11-08,National,2001,Provided,Not Available,1%,41%,29%,15%,5%,1%,Not Available,0%,2%,6%,0%,0%
Panelbase,,2019-11-06,2019-11-08,National,1046,Provided,Not Available,1%,40%,30%,15%,4%,Not Available,Not Available,0%,3%,8%,Not Available,0%
Survation,,2019-11-06,2019-11-08,National,2037,Provided,Not Available,1%,35%,29%,17%,4%,1%,Not Available,Not Available,1%,10%,Not Available,3%
BMG Research,The Independent,2019-11-05,2019-11-08,National,1504,Provided,Not Available,1%,37%,29%,16%,2%,0%,Not Available,0%,7%,9%,0%,0%
YouGov,The Times and Sky News,2019-11-05,2019-11-06,National,1667,Provided,Not Available,1%,36%,25%,17%,4%,1%,Not Available,0%,5%,11%,0%,1%
ComRes,Remain United,2019-10-30,2019-11-05,National,6097,Provided,Not Available,1%,36%,29%,17%,4%,1%,Not Available,0%,3%,11%,0%,0%
YouGov,The Times,2019-11-01,2019-11-04,National,3284,Provided,Not Available,1%,38%,25%,16%,4%,1%,Not Available,0%,5%,11%,0%,0%
ICM Research,Reuters,2019-11-01,2019-11-04,National,2047,Provided,Not Available,1%,38%,31%,15%,3%,0%,Not Available,1%,3%,9%,Not Available,1%
Deltapoll,The Mail on Sunday,2019-10-31,2019-11-02,National,1500,Provided,Not Available,1%,40%,28%,14%,3%,1%,Not Available,1%,2%,11%,Not Available,0%
Opinium,The Observer,2019-10-30,2019-11-01,National,2004,Provided,Not Available,1%,42%,26%,16%,4%,1%,Not Available,0%,2%,9%,0%,1%
YouGov,The Sunday Times,2019-10-30,2019-11-01,National,1834,Provided,Not Available,1%,39%,27%,16%,5%,1%,Not Available,0%,4%,7%,0%,1%
ComRes,Sunday Express,2019-10-30,2019-10-31,National,1582,Provided,Not Available,1%,36%,28%,17%,4%,0%,Not Available,0%,3%,10%,0%,1%
ORB,The Telegraph,2019-10-30,2019-10-31,National,2025,Provided,Not Available,1%,36%,28%,14%,5%,0%,Not Available,Not Available,4%,12%,Not Available,1%
Panelbase,,2019-10-30,2019-10-31,National,1008,Provided,Not Available,1%,40%,29%,14%,3%,1%,Not Available,Not Available,3%,9%,Not Available,1%
YouGov,The Times,2019-10-29,2019-10-30,National,1750,Provided,Not Available,1%,36%,21%,18%,4%,0%,Not Available,Not Available,6%,13%,Not Available,1%
Survation,,2019-10-29,2019-10-30,National,1010,Provided,Not Available,1%,34%,26%,19%,4%,1%,Not Available,Not Available,1%,12%,Not Available,3%
Ipsos MORI,,2019-10-25,2019-10-28,National,1007,Provided,Not Available,1%,41%,24%,20%,3%,1%,Not Available,0%,3%,7%,0%,1%
YouGov,,2019-10-17,2019-10-28,National,11590,Provided,Not Available,1%,36%,22%,19%,4%,1%,Not Available,0%,6%,12%,0%,1%
YouGov,,2019-10-24,2019-10-25,National,1672,Provided,Not Available,1%,36%,23%,18%,3%,1%,Not Available,0%,6%,12%,0%,1%
Opinium,The Observer,2019-10-23,2019-10-25,National,2001,Provided,Not Available,1%,40%,24%,15%,5%,0%,Not Available,1%,3%,10%,0%,1%
Deltapoll,,2019-10-18,2019-10-21,National,2017,Provided,Not Available,1%,37%,24%,19%,4%,1%,Not Available,1%,3%,11%,0%,0%
YouGov,The Times,2019-10-20,2019-10-21,National,1689,Provided,Not Available,1%,37%,22%,19%,3%,1%,Not Available,1%,7%,11%,0%,0%
Panelbase,,2019-10-17,2019-10-18,National,1008,Provided,Not Available,1%,36%,27%,17%,4%,0%,Not Available,0%,3%,11%,0%,0%
Survation,Daily Mail,2019-10-17,2019-10-18,National,1025,Provided,Not Available,1%,32%,24%,21%,4%,1%,Not Available,0%,2%,13%,0%,4%
ComRes,Britain Elects,2019-10-16,2019-10-17,National,2067,Provided,Not Available,1%,33%,29%,18%,4%,1%,Not Available,0%,4%,12%,0%,0%
Opinium,The Observer,2019-10-15,2019-10-17,National,2001,Provided,Not Available,1%,37%,24%,16%,4%,1%,Not Available,2%,4%,12%,0%,1%
Kantar Public,,2019-10-10,2019-10-15,National,1184,Provided,Not Available,1%,39%,25%,18%,3%,1%,Not Available,1%,3%,8%,0%,1%
YouGov,The Times,2019-10-14,2019-10-15,National,1625,Provided,Not Available,1%,37%,22%,18%,4%,1%,Not Available,1%,5%,11%,0%,0%
Panelbase,The Sunday Times,2019-10-09,2019-10-11,National,2013,Provided,Not Available,1%,33%,30%,17%,4%,Not Available,Not Available,0%,3%,12%,Not Available,0%
ComRes,Daily Express,2019-10-09,2019-10-10,National,2018,Provided,Not Available,1%,33%,27%,18%,4%,Not Available,Not Available,0%,4%,12%,Not Available,2%
YouGov,The Times,2019-10-08,2019-10-09,National,1616,Provided,Not Available,1%,35%,22%,20%,4%,1%,Not Available,0%,6%,12%,1%,0%
Opinium,The Observer,2019-10-03,2019-10-04,National,2006,Provided,Not Available,1%,38%,23%,15%,5%,0%,Not Available,1%,4%,12%,0%,0%
BMG Research,The Independent,2019-10-01,2019-10-04,National,1514,Provided,Not Available,1%,31%,26%,20%,3%,1%,Not Available,0%,7%,11%,Not Available,0%
ComRes,Daily Telegraph,2019-10-04,2019-10-06,National,2006,Provided,Not Available,1%,33%,27%,19%,4%,1%,Not Available,1%,3%,13%,Not Available,1%
YouGov,The Times,2019-09-30,2019-10-01,National,1623,Provided,Not Available,1%,34%,21%,23%,3%,1%,Not Available,0%,5%,12%,0%,1%
YouGov,The Sunday Times,2019-09-26,2019-09-27,National,1623,Provided,Not Available,1%,33%,22%,21%,4%,1%,Not Available,0%,5%,13%,0%,1%
Opinium,The Observer,2019-09-25,2019-09-27,National,2007,Provided,Not Available,1%,36%,24%,20%,5%,1%,Not Available,0%,2%,11%,0%,1%
Survation,Daily Mail,2019-09-25,2019-09-25,National,1011,Provided,Not Available,1%,27%,24%,22%,4%,Not Available,Not Available,Not Available,3%,16%,Not Available,4%
YouGov,The Times,2019-09-24,2019-09-25,National,1635,Provided,Not Available,1%,33%,22%,22%,3%,1%,Not Available,1%,6%,14%,0%,2%
ComRes,Britain Elects,2019-09-18,2019-09-19,National,2050,Provided,Not Available,1%,29%,27%,20%,4%,0%,Not Available,0%,4%,13%,1%,0%
YouGov,People's Vote,2019-09-19,2019-09-20,National,2006,Provided,Not Available,1%,30%,23%,22%,4%,0%,Not Available,0%,5%,14%,0%,1%
ComRes,Daily Telegraph,2019-09-24,2019-09-24,National,1027,Provided,Not Available,1%,27%,27%,20%,4%,1%,Not Available,Not Available,Not Available,13%,Not Available,4%
Opinium,The Observer,2019-09-19,2019-09-20,National,2004,Provided,Not Available,1%,37%,22%,17%,4%,1%,Not Available,2%,4%,12%,0%,0%
Ipsos MORI,Evening Standard,2019-09-13,2019-09-16,National,1006,Provided,Not Available,1%,33%,24%,23%,Not Available,Not Available,4%,0%,4%,10%,0%,1%
YouGov,The Times,2019-09-17,2019-09-18,National,1608,Provided,Not Available,1%,32%,21%,23%,4%,1%,Not Available,1%,4%,14%,0%,2%
ComRes,Sunday Express,2019-09-12,2019-09-15,National,2057,Provided,Not Available,1%,28%,27%,20%,4%,Not Available,Not Available,1%,5%,13%,Not Available,2%
Opinium,The Observer,2019-09-11,2019-09-13,National,2002,Provided,Not Available,1%,37%,25%,16%,4%,1%,Not Available,1%,2%,13%,0%,0%
YouGov,The Times,2019-09-09,2019-09-10,National,1676,Provided,Not Available,1%,32%,23%,19%,4%,0%,Not Available,0%,7%,14%,0%,1%
Kantar Public,,2019-09-05,2019-09-09,National,1144,Provided,Not Available,1%,38%,24%,20%,4%,1%,Not Available,1%,3%,7%,1%,1%
ComRes,Daily Telegraph,2019-09-06,2019-09-08,National,2016,Provided,Not Available,1%,30%,29%,17%,3%,1%,Not Available,1%,4%,13%,0%,2%
ComRes,Britain Elects,2019-09-04,2019-09-06,National,2009,Provided,Not Available,1%,31%,27%,20%,3%,1%,Not Available,1%,3%,13%,Not Available,1%
Deltapoll,The Sun on Sunday,2019-09-05,2019-09-07,National,2049,Provided,Not Available,1%,31%,28%,17%,5%,1%,Not Available,1%,4%,13%,Not Available,0%
YouGov,The Sunday Times,2019-09-05,2019-09-06,National,1676,Provided,Not Available,1%,35%,21%,19%,4%,0%,Not Available,1%,7%,12%,0%,1%
Survation,Daily Mail,2019-09-05,2019-09-06,National,1020,Provided,Not Available,1%,29%,24%,18%,4%,1%,Not Available,Not Available,3%,17%,Not Available,5%
BMG Research,The Independent,2019-09-03,2019-09-06,National,1504,Provided,Not Available,1%,31%,27%,19%,3%,0%,Not Available,1%,6%,13%,0%,6%
Opinium,The Observer,2019-09-04,2019-09-06,National,2009,Provided,Not Available,1%,35%,25%,17%,5%,0%,Not Available,1%,3%,13%,0%,1%
Panelbase,,2019-09-05,2019-09-06,National,1013,Provided,Not Available,1%,31%,28%,19%,3%,0%,Not Available,0%,2%,15%,0%,0%
Hanbury Strategy,,2019-09-03,2019-09-04,National,995,Provided,Not Available,1%,33%,26%,17%,4%,1%,Not Available,0%,3%,14%,0%,2%
YouGov,The Times,2019-09-02,2019-09-03,National,1639,Provided,Not Available,1%,35%,25%,16%,4%,1%,Not Available,1%,7%,11%,0%,0%
YouGov,,2019-08-28,2019-08-29,National,1867,Provided,Not Available,1%,33%,22%,21%,4%,1%,Not Available,0%,7%,12%,0%,1%
Survation,Daily Mail,2019-08-29,2019-08-30,National,1020,Provided,Not Available,1%,31%,24%,21%,4%,1%,Not Available,Not Available,3%,14%,0%,3%
Deltapoll,The Mail on Sunday,2019-08-29,2019-08-31,National,2028,Provided,Not Available,1%,35%,24%,18%,4%,1%,Not Available,1%,4%,14%,1%,0%
YouGov,The Times,2019-08-27,2019-08-28,National,2006,Provided,Not Available,1%,34%,22%,17%,4%,1%,Not Available,0%,8%,13%,0%,1%
YouGov,The Sunday Times,2019-08-22,2019-08-23,National,2019,Provided,Not Available,1%,33%,19%,19%,4%,1%,Not Available,0%,7%,14%,0%,1%
Opinium,The Observer,2019-08-21,2019-08-23,National,2005,Provided,Not Available,1%,32%,26%,15%,5%,1%,Not Available,1%,4%,16%,0%,1%
YouGov,The Times,2019-08-20,2019-08-21,National,1687,Provided,Not Available,1%,32%,22%,20%,4%,1%,Not Available,0%,7%,12%,0%,2%
Kantar Public,,2019-08-15,2019-08-19,National,1133,Provided,Not Available,1%,42%,28%,15%,5%,0%,Not Available,0%,3%,5%,1%,1%
YouGov,The Times,2019-08-13,2019-08-14,National,1625,Provided,Not Available,1%,30%,21%,20%,4%,1%,Not Available,1%,8%,14%,0%,2%
BMG Research,The Independent,2019-08-07,2019-08-12,National,1532,Provided,Not Available,1%,31%,25%,19%,3%,1%,Not Available,1%,6%,12%,0%,2%
ComRes,Daily Telegraph,2019-08-09,2019-08-11,National,2011,Provided,Not Available,1%,31%,27%,16%,3%,0%,Not Available,1%,4%,16%,0%,2%
Survation,,2019-08-06,2019-08-11,National,2040,Provided,Not Available,1%,28%,24%,21%,4%,0%,Not Available,Not Available,3%,15%,Not Available,4%
Opinium,The Observer,2019-08-08,2019-08-09,National,2003,Provided,Not Available,1%,31%,28%,13%,4%,1%,Not Available,1%,5%,16%,0%,0%
YouGov,The Times,2019-08-05,2019-08-06,National,1628,Provided,Not Available,1%,31%,22%,21%,4%,0%,Not Available,0%,7%,14%,0%,1%
YouGov,The Times,2019-07-29,2019-07-30,National,2066,Provided,Not Available,1%,32%,22%,19%,5%,1%,Not Available,1%,6%,9%,0%,1%
Ipsos MORI,,2019-07-26,2019-07-30,National,1007,Provided,Not Available,1%,34%,24%,20%,4%,1%,Not Available,1%,8%,12%,0%,0%
ComRes,Britain Elects,2019-07-26,2019-07-28,National,2004,Provided,Not Available,1%,29%,30%,16%,3%,1%,Not Available,1%,5%,15%,0%,2%
Deltapoll,The Mail on Sunday,2019-07-25,2019-07-27,National,2001,Provided,Not Available,1%,30%,25%,18%,4%,1%,Not Available,1%,4%,14%,2%,1%
Opinium,The Observer,2019-07-24,2019-07-26,National,2006,Provided,Not Available,1%,30%,28%,16%,5%,1%,Not Available,1%,5%,15%,0%,1%
YouGov,The Sunday Times,2019-07-25,2019-07-26,National,1697,Provided,Not Available,1%,31%,21%,20%,5%,1%,Not Available,0%,8%,13%,0%,1%
ComRes,Sunday Express,2019-07-24,2019-07-25,National,2029,Provided,Not Available,1%,28%,27%,19%,3%,1%,Not Available,1%,4%,16%,0%,0%
YouGov,The Times,2019-07-23,2019-07-24,National,1715,Provided,Not Available,1%,25%,19%,23%,4%,1%,Not Available,1%,9%,17%,0%,3%
YouGov,The Times,2019-07-16,2019-07-17,National,1749,Provided,Not Available,1%,25%,21%,20%,4%,1%,Not Available,0%,8%,19%,0%,1%
ComRes,,2019-07-15,2019-07-16,National,2038,Provided,Not Available,1%,25%,28%,17%,4%,0%,Not Available,1%,5%,19%,1%,1%
ComRes,The Express,2019-07-10,2019-07-11,National,1791,Provided,Not Available,1%,24%,28%,15%,3%,1%,Not Available,1%,5%,20%,1%,2%
Survation,,2019-07-10,2019-07-11,National,1012,Provided,Not Available,1%,23%,29%,19%,4%,1%,Not Available,Not Available,3%,20%,Not Available,2%
YouGov,The Times,2019-07-09,2019-07-10,National,1671,Provided,Not Available,1%,24%,20%,19%,5%,1%,Not Available,0%,9%,21%,0%,1%
ComRes,Daily Telegraph,2019-07-05,2019-07-07,National,2010,Provided,Not Available,1%,25%,28%,16%,3%,0%,Not Available,1%,5%,19%,0%,1%
BMG Research,The Independent,2019-07-02,2019-07-05,National,1532,Provided,Not Available,1%,28%,27%,18%,2%,1%,Not Available,2%,6%,14%,1%,0%
Opinium,The Observer,2019-07-03,2019-07-05,National,2002,Provided,Not Available,1%,23%,25%,15%,5%,1%,Not Available,1%,8%,22%,1%,0%
YouGov,The Times,2019-07-02,2019-07-03,National,1605,Provided,Not Available,1%,24%,18%,20%,4%,1%,Not Available,0%,9%,23%,0%,1%
Ipsos MORI,,2019-06-21,2019-06-25,National,1043,Provided,Not Available,1%,26%,24%,22%,4%,1%,Not Available,1%,8%,12%,0%,0%
YouGov,The Times,2019-06-24,2019-06-25,National,2059,Provided,Not Available,1%,22%,20%,19%,4%,1%,Not Available,1%,10%,22%,0%,1%
Survation,Daily Mail on Sunday,2019-06-19,2019-06-20,National,2016,Provided,Not Available,1%,24%,26%,18%,3%,1%,Not Available,1%,6%,20%,1%,1%
Opinium,The Observer,2019-06-19,2019-06-20,National,2009,Provided,Not Available,1%,20%,26%,16%,4%,1%,Not Available,2%,6%,23%,1%,1%
YouGov,The Sunday Times,2019-06-13,2019-06-14,National,1672,Provided,Not Available,1%,21%,21%,19%,3%,1%,Not Available,0%,9%,24%,0%,1%
YouGov,The Times,2019-06-09,2019-06-10,National,1702,Provided,Not Available,1%,17%,19%,22%,4%,1%,Not Available,0%,8%,26%,1%,1%
ComRes,Daily Telegraph,2019-06-07,2019-06-09,National,2017,Provided,Not Available,1%,23%,27%,17%,3%,1%,Not Available,1%,5%,22%,1%,1%
BMG Research,The Independent,2019-06-04,2019-06-07,National,1520,Provided,Not Available,1%,26%,27%,17%,3%,1%,Not Available,1%,6%,18%,1%,1%
YouGov,The Times,2019-06-04,2019-06-06,National,1595,Estimated/Assumed,Not Available,1%,18%,20%,20%,5%,0%,Not Available,Not Available,9%,26%,0%,2%
Opinium,The Observer,2019-05-28,2019-05-30,National,2005,Provided,Not Available,1%,17%,22%,16%,4%,1%,Not Available,1%,11%,26%,1%,1%
Deltapoll,The Mail on Sunday,2019-05-29,2019-05-30,National,2449,Provided,Not Available,1%,20%,26%,16%,4%,1%,Not Available,1%,5%,24%,4%,1%
YouGov,The Times,2019-05-28,2019-05-29,National,1763,Provided,Not Available,1%,19%,19%,24%,Not Available,Not Available,6%,1%,8%,22%,1%,0%
Lord Ashcroft,,2019-05-23,2019-05-24,National,10000,Provided,Not Available,1%,18%,21%,17%,Not Available,Not Available,Not Available,3%,7%,18%,4%,Not Available
Survation,Daily Mail,2019-05-22,2019-05-22,National,2029,Provided,Not Available,1%,28%,33%,13%,3%,0%,Not Available,3%,3%,12%,2%,3%
Panelbase,The Sunday Times,2019-05-14,2019-05-21,National,2033,Provided,Not Available,1%,21%,31%,13%,4%,Not Available,Not Available,3%,5%,19%,4%,Not Available
Opinium,The Times,2019-05-17,2019-05-20,National,2005,Provided,Not Available,1%,22%,26%,12%,4%,1%,Not Available,2%,4%,25%,2%,0%
Opinium,The Observer,2019-05-14,2019-05-16,National,2009,Provided,Not Available,1%,22%,29%,11%,4%,0%,Not Available,2%,3%,24%,3%,1%
YouGov,Best For Britain,2019-05-08,2019-05-17,National,9260,Provided,Not Available,1%,24%,24%,18%,Not Available,Not Available,5%,2%,6%,18%,2%,1%
Survation,Daily Mail,2019-05-17,2019-05-17,National,1000,Provided,Not Available,1%,27%,32%,13%,5%,0%,Not Available,2%,3%,13%,2%,4%
YouGov,Best for Britain and Hope Not Hate,2019-05-08,2019-05-17,National,9260,Provided,Not Available,1%,24%,24%,18%,Not Available,Not Available,5%,2%,6%,18%,2%,1%
Opinium,The Observer,2019-05-14,2019-05-16,National,2009,Provided,Not Available,1%,22%,29%,11%,4%,0%,Not Available,2%,3%,24%,3%,1%
YouGov,The Times,2019-05-13,2019-05-14,National,1655,Provided,Not Available,1%,25%,25%,16%,Not Available,Not Available,5%,2%,7%,18%,2%,1%
Ipsos MORI,,2019-05-10,2019-05-14,National,1072,Provided,Not Available,1%,25%,27%,15%,4%,1%,Not Available,3%,7%,16%,2%,3%
Kantar Public,,2019-05-09,2019-05-13,National,1152,Provided,Not Available,1%,25%,34%,15%,5%,2%,Not Available,4%,3%,10%,1%,1%
Hanbury Strategy,,2019-05-09,2019-05-13,National,2000,Provided,Not Available,1%,21%,30%,13%,4%,Not Available,Not Available,2%,5%,19%,6%,1%
ComRes,Daily Telegraph,2019-05-10,2019-05-12,National,2028,Provided,Not Available,1%,20%,27%,13%,3%,Not Available,Not Available,4%,4%,20%,6%,1%
Opinium,The Observer,2019-05-08,2019-05-10,National,2004,Provided,Not Available,1%,22%,28%,11%,Not Available,Not Available,4%,4%,6%,21%,4%,0%
BMG Research,,2019-05-07,2019-05-10,National,1541,Provided,Not Available,1%,27%,30%,18%,Not Available,Not Available,Not Available,3%,6%,10%,3%,Not Available
ComRes,Brexit Express,2019-05-09,2019-05-09,National,2034,Provided,Not Available,1%,19%,27%,15%,3%,1%,Not Available,3%,5%,20%,7%,1%
YouGov,The Times,2019-05-08,2019-05-09,National,2212,Provided,Not Available,1%,24%,24%,16%,Not Available,Not Available,5%,2%,7%,18%,2%,1%
Opinium,,2019-05-03,2019-05-07,National,1544,Provided,Not Available,1%,25%,30%,11%,3%,1%,Not Available,4%,5%,17%,2%,Not Available
YouGov,,2019-04-29,2019-04-30,National,1630,Provided,Not Available,1%,29%,29%,13%,Not Available,Not Available,4%,2%,5%,15%,3%,1%
YouGov,The Times,2019-04-23,2019-04-24,National,1787,Provided,Not Available,1%,27%,30%,11%,Not Available,Not Available,5%,4%,5%,14%,3%,1%
Panelbase,The Sunday Times,2019-04-18,2019-04-24,National,2030,Provided,Not Available,1%,27%,36%,8%,4%,Not Available,Not Available,5%,3%,13%,4%,1%
Opinium,The Observer,2019-04-21,2019-04-23,National,1218,Provided,Not Available,1%,26%,33%,6%,5%,1%,Not Available,4%,4%,17%,4%,Not Available
OnePoll,The Sun on Sunday,2019-04-17,2019-04-17,National,2000,Provided,Not Available,1%,24%,32%,9%,4%,Not Available,Not Available,5%,5%,14%,5%,2%
ORB,The Telegraph,2019-04-16,2019-04-17,National,1547,Provided,Not Available,1%,26%,29%,8%,4%,1%,Not Available,5%,4%,14%,5%,4%
YouGov,The Times,2019-04-16,2019-04-17,National,1755,Provided,Not Available,1%,29%,30%,10%,Not Available,Not Available,5%,4%,5%,12%,3%,2%
Opinium,The Observer,2019-04-09,2019-04-12,National,2007,Provided,Not Available,1%,29%,36%,8%,5%,1%,Not Available,11%,4%,Not Available,Not Available,6%
Hanbury Strategy,Open Europe,2019-04-05,2019-04-08,National,2000,Provided,Not Available,1%,31%,40%,8%,4%,1%,Not Available,8%,5%,Not Available,Not Available,4%
Kantar Public,,2019-04-04,2019-04-08,National,1172,Provided,Not Available,1%,32%,35%,11%,5%,1%,Not Available,7%,4%,Not Available,Not Available,6%
Survation,,2019-04-03,2019-04-06,National,6062,Provided,Not Available,1%,37%,41%,10%,Not Available,1%,Not Available,7%,2%,Not Available,Not Available,3%
BMG Research,The Independent,2019-04-02,2019-04-05,National,1500,Provided,Not Available,1%,35%,34%,11%,4%,1%,Not Available,6%,5%,Not Available,Not Available,3%
YouGov,,2019-04-02,2019-04-03,National,1771,Provided,Not Available,1%,32%,31%,12%,5%,1%,Not Available,7%,4%,5%,Not Available,3%
Deltapoll,The Mail on Sunday,2019-03-28,2019-03-30,National,1010,Provided,Not Available,1%,36%,41%,7%,3%,1%,Not Available,7%,3%,Not Available,Not Available,3%
Opinium,The Observer,2019-03-28,2019-03-29,National,2008,Provided,Not Available,1%,35%,35%,9%,4%,0%,Not Available,9%,5%,Not Available,Not Available,3%
YouGov,The Times,2019-03-24,2019-03-25,National,2110,Provided,Not Available,1%,36%,33%,11%,4%,1%,Not Available,4%,4%,5%,Not Available,2%
Opinium,The Observer,2019-03-20,2019-03-22,National,2002,Provided,Not Available,1%,36%,35%,7%,5%,1%,Not Available,9%,4%,Not Available,Not Available,3%
Ipsos MORI,,2019-03-15,2019-03-19,National,1050,Provided,Not Available,1%,38%,34%,8%,5%,1%,Not Available,7%,4%,Not Available,Not Available,3%
Survation,Daily Mail,2019-03-15,2019-03-15,National,1007,Provided,Not Available,1%,35%,39%,10%,3%,0%,Not Available,5%,Not Available,Not Available,Not Available,7%
YouGov,Peoples Vote,2019-03-14,2019-03-15,National,1823,Provided,Not Available,1%,35%,33%,11%,3%,1%,Not Available,5%,6%,Not Available,Not Available,6%
YouGov,The Times,2019-03-14,2019-03-15,National,1756,Provided,Not Available,1%,35%,31%,12%,3%,1%,Not Available,6%,4%,4%,Not Available,2%
Opinium,The Observer,2019-03-12,2019-03-15,National,1952,Provided,Not Available,1%,38%,34%,8%,5%,1%,Not Available,8%,3%,Not Available,Not Available,3%
Kantar Public,,2019-03-07,2019-03-11,National,1152,Provided,Not Available,1%,41%,31%,8%,5%,Not Available,Not Available,6%,6%,Not Available,Not Available,2%
BMG Research,,2019-03-04,2019-03-08,National,1503,Provided,Not Available,1%,39%,34%,12%,3%,1%,Not Available,5%,4%,Not Available,Not Available,2%
YouGov,The Times,2019-03-03,2019-03-04,National,2172,Provided,Not Available,1%,40%,31%,11%,4%,1%,Not Available,3%,4%,3%,Not Available,3%
Opinium,The Observer,2019-02-26,2019-03-01,National,1948,Provided,Not Available,1%,40%,34%,9%,4%,1%,Not Available,7%,3%,Not Available,Not Available,3%
YouGov,The Times,2019-02-22,2019-02-23,National,1672,Provided,Not Available,1%,41%,30%,10%,4%,1%,Not Available,5%,4%,2%,Not Available,3%
Deltapoll,The Mail on Sunday,2019-02-21,2019-02-23,National,1027,Provided,Not Available,1%,43%,36%,6%,4%,0%,Not Available,5%,3%,Not Available,Not Available,2%
YouGov,The Times,2019-02-18,2019-02-19,National,1861,Provided,Not Available,1%,41%,33%,10%,Not Available,Not Available,5%,4%,4%,Not Available,Not Available,2%
Survation,Daily Mail,2019-02-18,2019-02-18,National,1023,Provided,Not Available,1%,40%,36%,10%,3%,Not Available,Not Available,5%,2%,Not Available,Not Available,5%
Opinium,The Observer,2019-02-13,2019-02-15,National,2005,Provided,Not Available,1%,37%,37%,8%,4%,0%,Not Available,7%,4%,Not Available,Not Available,2%
Kantar Public,,2019-02-07,2019-02-11,National,1145,Provided,Not Available,1%,40%,35%,10%,4%,1%,Not Available,3%,4%,Not Available,Not Available,3%
BMG Research,,2019-02-04,2019-02-08,National,1503,Provided,Not Available,1%,38%,35%,13%,3%,1%,Not Available,5%,5%,Not Available,Not Available,1%
Ipsos MORI,,2019-02-01,2019-02-05,National,1005,Provided,Not Available,1%,38%,38%,10%,4%,1%,Not Available,4%,3%,Not Available,Not Available,3%
YouGov,The Times,2019-02-03,2019-02-04,National,1851,Provided,Not Available,1%,41%,34%,10%,Not Available,Not Available,5%,4%,4%,Not Available,Not Available,2%
Opinium,The Observer,2019-01-30,2019-02-01,National,1952,Provided,Not Available,1%,41%,34%,8%,4%,1%,Not Available,7%,4%,Not Available,Not Available,1%
Survation,Daily Mail,2019-01-30,2019-01-30,National,1029,Provided,Not Available,1%,38%,39%,9%,3%,Not Available,Not Available,4%,2%,Not Available,Not Available,4%
Opinium,Peoples Vote,2019-01-23,2019-01-25,National,2001,Provided,Not Available,1%,40%,36%,7%,4%,1%,Not Available,7%,4%,Not Available,Not Available,1%
ICM Research,,2019-01-16,2019-01-18,National,2046,Provided,Not Available,1%,39%,40%,9%,3%,0%,Not Available,5%,3%,Not Available,Not Available,1%
Opinium,The Observer,2019-01-16,2019-01-18,National,2006,Provided,Not Available,1%,37%,40%,7%,5%,1%,Not Available,7%,4%,Not Available,Not Available,1%
ComRes,Sunday Express,2019-01-16,2019-01-17,National,2031,Provided,Not Available,1%,38%,37%,10%,3%,1%,Not Available,6%,3%,Not Available,Not Available,2%
Number Cruncher Politics,Politico,2019-01-10,2019-01-17,National,1030,Provided,Not Available,1%,41%,39%,8%,3%,1%,Not Available,4%,2%,Not Available,Not Available,1%
ComRes,Daily Express,2019-01-14,2019-01-15,National,2010,Provided,Not Available,1%,37%,39%,8%,3%,1%,Not Available,7%,3%,Not Available,Not Available,1%
YouGov,The Times,2019-01-13,2019-01-14,National,1701,Provided,Not Available,1%,39%,34%,11%,Not Available,Not Available,5%,6%,4%,Not Available,Not Available,1%
Kantar Public,,2019-01-10,2019-01-14,National,1106,Provided,Not Available,1%,35%,38%,9%,4%,1%,Not Available,6%,4%,Not Available,Not Available,3%
Survation,Daily Mail,2019-01-10,2019-01-11,National,1013,Provided,Not Available,1%,38%,41%,10%,3%,Not Available,Not Available,4%,2%,Not Available,Not Available,3%
BMG Research,The Independent,2019-01-08,2019-01-11,National,1514,Provided,Not Available,1%,36%,36%,12%,3%,1%,Not Available,6%,5%,Not Available,Not Available,1%
YouGov,The Times,2019-01-06,2019-01-07,National,1656,Provided,Not Available,1%,41%,35%,11%,Not Available,Not Available,4%,4%,3%,Not Available,Not Available,1%
YouGov,Peoples Vote,2018-12-21,2019-01-04,National,25537,Provided,Not Available,1%,40%,34%,10%,Not Available,Not Available,4%,4%,4%,Not Available,Not Available,2%
Opinium,,2018-12-18,2018-12-20,National,1945,Provided,Not Available,1%,39%,39%,6%,4%,0%,Not Available,6%,4%,Not Available,Not Available,2%
YouGov,The Times,2018-12-16,2018-12-17,National,1660,Provided,Not Available,1%,41%,39%,7%,Not Available,Not Available,5%,4%,3%,Not Available,Not Available,1%
Opinium,The Observer,2018-12-13,2018-12-14,National,2016,Provided,Not Available,1%,38%,39%,8%,4%,1%,Not Available,6%,4%,Not Available,Not Available,0%
YouGov,Peoples Vote,2018-12-12,2018-12-14,National,5043,Provided,Not Available,1%,40%,36%,10%,Not Available,Not Available,5%,4%,3%,Not Available,Not Available,1%
Populus,,2018-12-10,2018-12-11,National,2002,Provided,Not Available,1%,37%,40%,7%,3%,1%,Not Available,6%,3%,Not Available,Not Available,1%
YouGov,The Sunday Times,2018-12-06,2018-12-07,National,1652,Provided,Not Available,1%,38%,37%,10%,Not Available,Not Available,5%,3%,4%,Not Available,Not Available,1%
BMG Research,,2018-10-04,2018-10-07,National,1508,Provided,Not Available,1%,37%,38%,12%,3%,1%,Not Available,4%,4%,Not Available,Not Available,1%
Kantar Public,,2018-12-05,2018-12-06,National,1178,Provided,Not Available,1%,38%,38%,9%,4%,1%,Not Available,5%,5%,Not Available,Not Available,1%
Ipsos MORI,,2018-11-30,2018-12-05,National,1049,Provided,Not Available,1%,38%,38%,9%,4%,1%,Not Available,4%,5%,Not Available,Not Available,1%
YouGov,The Times,2018-12-03,2018-12-04,National,1624,Provided,Not Available,1%,40%,38%,9%,Not Available,Not Available,5%,4%,4%,Not Available,Not Available,1%
ComRes,Sunday Express,2018-11-30,2018-12-02,National,2035,Provided,Not Available,1%,37%,39%,9%,3%,0%,Not Available,6%,3%,Not Available,Not Available,1%
YouGov,The Times,2018-11-26,2018-11-27,National,1737,Provided,Not Available,1%,40%,35%,10%,Not Available,Not Available,4%,6%,3%,Not Available,Not Available,1%
YouGov,The Times,2018-11-18,2018-11-19,National,1671,Provided,Not Available,1%,39%,36%,8%,Not Available,Not Available,4%,6%,4%,Not Available,Not Available,1%
ComRes,Sunday Express,2018-11-14,2018-11-15,National,2000,Provided,Not Available,1%,36%,40%,9%,3%,1%,Not Available,7%,3%,Not Available,Not Available,1%
Opinium,,2018-11-14,2018-11-15,National,1213,Provided,Not Available,1%,36%,39%,7%,5%,1%,Not Available,8%,3%,Not Available,Not Available,1%
Kantar Public,,2018-11-08,2018-11-12,National,1147,Provided,Not Available,1%,40%,39%,8%,4%,1%,Not Available,3%,3%,Not Available,Not Available,2%
Panelbase,Constitutional Commission,2018-11-02,2018-11-07,National,2016,Provided,Not Available,1%,40%,40%,8%,4%,1%,Not Available,5%,3%,Not Available,Not Available,0%
YouGov,The Times,2018-11-04,2018-11-05,National,1637,Provided,Not Available,1%,41%,37%,8%,Not Available,Not Available,4%,4%,4%,Not Available,Not Available,1%
Survation,Channel 4,2018-10-20,2018-11-02,National,20090,Provided,Not Available,1%,39%,40%,8%,3%,Not Available,Not Available,3%,2%,Not Available,Not Available,3%
YouGov,The Times,2018-10-29,2018-10-30,National,1648,Provided,Not Available,1%,41%,39%,7%,Not Available,Not Available,4%,5%,2%,Not Available,Not Available,0%
ICM Research,,2018-10-26,2018-10-28,National,2048,Provided,Not Available,1%,40%,38%,9%,3%,1%,Not Available,5%,3%,Not Available,Not Available,0%
Deltapoll,Mirror,2018-10-24,2018-10-26,National,1017,Provided,Not Available,1%,43%,40%,6%,4%,0%,Not Available,5%,2%,Not Available,Not Available,0%
YouGov,The Times,2018-10-22,2018-10-23,National,1802,Provided,Not Available,1%,41%,36%,8%,Not Available,Not Available,6%,4%,4%,Not Available,Not Available,0%
Ipsos MORI,,2018-10-19,2018-10-22,National,1044,Provided,Not Available,1%,39%,37%,10%,4%,1%,Not Available,5%,5%,Not Available,Not Available,0%
YouGov,The Times,2018-10-14,2018-10-15,National,1649,Provided,Not Available,1%,41%,36%,9%,Not Available,Not Available,4%,4%,3%,Not Available,Not Available,1%
Kantar Public,,2018-10-11,2018-10-15,National,1128,Provided,Not Available,1%,41%,36%,10%,4%,1%,Not Available,3%,4%,Not Available,Not Available,1%
Opinium,The Observer,2018-10-11,2018-10-12,National,2010,Provided,Not Available,1%,41%,37%,8%,4%,1%,Not Available,6%,3%,Not Available,Not Available,1%
Survation,,2018-10-10,2018-10-10,National,1009,Provided,Not Available,1%,40%,39%,7%,4%,Not Available,Not Available,6%,Not Available,Not Available,Not Available,5%
YouGov,The Times,2018-10-08,2018-10-09,National,1647,Provided,Not Available,1%,41%,37%,9%,Not Available,Not Available,5%,4%,3%,Not Available,Not Available,1%
Opinium,The Observer,2018-10-03,2018-10-05,National,2007,Provided,Not Available,1%,39%,39%,7%,3%,1%,Not Available,6%,3%,Not Available,Not Available,1%
BMG Research,The Independent,2018-10-03,2018-10-05,National,1503,Provided,Not Available,1%,38%,39%,10%,4%,1%,Not Available,4%,4%,Not Available,Not Available,0%
YouGov,The Times,2018-09-30,2018-10-01,National,1607,Provided,Not Available,1%,42%,36%,9%,Not Available,Not Available,4%,5%,2%,Not Available,Not Available,1%
BMG Research,HuffPost UK,2018-09-28,2018-09-29,National,1203,Provided,Not Available,1%,35%,40%,12%,4%,1%,Not Available,5%,3%,Not Available,Not Available,1%
Opinium,The Observer,2018-09-26,2018-09-28,National,2008,Provided,Not Available,1%,39%,36%,9%,4%,0%,Not Available,6%,3%,Not Available,Not Available,1%
ComRes,Sunday Express,2018-09-26,2018-09-27,National,2036,Provided,Not Available,1%,39%,40%,9%,3%,0%,Not Available,5%,2%,Not Available,Not Available,1%
YouGov,The Times,2018-09-24,2018-09-25,National,1625,Provided,Not Available,1%,42%,36%,11%,Not Available,Not Available,4%,4%,2%,Not Available,Not Available,0%
ICM Research,The Guardian,2018-09-21,2018-09-24,National,2006,Provided,Not Available,1%,41%,40%,9%,3%,0%,Not Available,4%,3%,Not Available,Not Available,0%
BMG Research,HuffPost UK,2018-09-21,2018-09-22,National,1006,Provided,Not Available,1%,38%,38%,10%,4%,0%,Not Available,5%,4%,Not Available,Not Available,0%
Opinium,,2018-09-18,2018-09-20,National,2003,Provided,Not Available,1%,37%,39%,9%,4%,1%,Not Available,8%,2%,Not Available,Not Available,1%
YouGov,The Times,2018-09-18,2018-09-19,National,2509,Provided,Not Available,1%,40%,36%,11%,Not Available,Not Available,5%,5%,2%,Not Available,Not Available,1%
Ipsos MORI,,2018-09-14,2018-09-18,National,1070,Provided,Not Available,1%,39%,37%,13%,3%,0%,Not Available,2%,5%,Not Available,Not Available,1%
YouGov,The Times,2018-09-12,2018-09-13,National,1620,Provided,Not Available,1%,40%,36%,11%,Not Available,Not Available,4%,4%,3%,Not Available,Not Available,1%
Opinium,The Observer,2018-09-11,2018-09-13,National,2011,Provided,Not Available,1%,39%,38%,7%,4%,1%,Not Available,6%,3%,Not Available,Not Available,1%
Kantar Public,,2018-09-06,2018-09-10,National,1119,Provided,Not Available,1%,40%,35%,10%,4%,0%,Not Available,5%,4%,Not Available,Not Available,1%
ICM Research,The Guardian,2018-09-07,2018-09-09,National,2051,Provided,Not Available,1%,42%,39%,8%,3%,0%,Not Available,4%,3%,Not Available,Not Available,1%
Survation,Daily Mail,2018-09-07,2018-09-07,National,1039,Provided,Not Available,1%,38%,37%,10%,3%,1%,Not Available,4%,1%,Not Available,Not Available,5%
BMG Research,The Independent,2018-09-04,2018-09-07,National,1533,Provided,Not Available,1%,37%,38%,11%,2%,0%,Not Available,7%,4%,Not Available,Not Available,1%
YouGov,The Times,2018-09-03,2018-09-04,National,1883,Provided,Not Available,1%,39%,35%,11%,Not Available,Not Available,5%,5%,4%,Not Available,Not Available,1%
Survation,,2018-08-31,2018-09-01,National,1017,Provided,Not Available,1%,37%,41%,6%,3%,1%,Not Available,7%,2%,Not Available,Not Available,3%
YouGov,The Times,2018-08-28,2018-08-29,National,1664,Provided,Not Available,1%,39%,37%,10%,Not Available,Not Available,4%,5%,3%,Not Available,Not Available,1%
YouGov,The Times,2018-08-20,2018-08-21,National,1697,Provided,Not Available,1%,40%,37%,9%,Not Available,Not Available,5%,6%,2%,Not Available,Not Available,2%
ICM Research,The Guardian,2018-08-17,2018-08-19,National,2021,Provided,Not Available,1%,40%,40%,8%,3%,0%,Not Available,6%,2%,Not Available,Not Available,3%
Opinium,The Observer,2018-08-14,2018-08-17,National,2003,Provided,Not Available,1%,39%,38%,7%,4%,1%,Not Available,7%,3%,Not Available,Not Available,1%
Deltapoll,The Sun on Sunday,2018-08-14,2018-08-16,National,1904,Provided,Not Available,1%,37%,40%,8%,3%,1%,Not Available,6%,5%,Not Available,Not Available,1%
YouGov,The Times,2018-08-13,2018-08-14,National,1660,Provided,Not Available,1%,41%,38%,8%,Not Available,Not Available,4%,6%,3%,Not Available,Not Available,1%
Kantar Public,,2018-08-09,2018-08-13,National,1119,Provided,Not Available,1%,40%,39%,9%,4%,1%,Not Available,4%,4%,Not Available,Not Available,1%
Number Cruncher Politics,,2018-08-09,2018-08-13,National,1036,Provided,Not Available,1%,38%,40%,8%,4%,1%,Not Available,5%,2%,Not Available,Not Available,1%
BMG Research,The Independent,2018-08-06,2018-08-10,National,1481,Provided,Not Available,1%,37%,39%,10%,3%,0%,Not Available,5%,5%,Not Available,Not Available,0%
YouGov,The Times,2018-08-08,2018-08-09,National,1675,Provided,Not Available,1%,39%,35%,10%,Not Available,Not Available,5%,7%,3%,Not Available,Not Available,1%
ICM Research,The Guardian,2018-08-03,2018-08-05,National,2049,Provided,Not Available,1%,39%,40%,7%,4%,0%,Not Available,6%,3%,Not Available,Not Available,0%
YouGov,The Times,2018-07-30,2018-07-31,National,1718,Provided,Not Available,1%,38%,38%,10%,Not Available,Not Available,4%,6%,3%,Not Available,Not Available,1%
Ipsos MORI,,2018-07-20,2018-07-24,National,1023,Provided,Not Available,1%,38%,38%,10%,4%,1%,Not Available,6%,3%,Not Available,Not Available,1%
YouGov,The Times,2018-07-22,2018-07-23,National,1650,Provided,Not Available,1%,38%,38%,10%,Not Available,Not Available,4%,6%,3%,Not Available,Not Available,0%
ICM Research,,2018-07-20,2018-07-22,National,2010,Provided,Not Available,1%,40%,41%,8%,3%,0%,Not Available,5%,3%,Not Available,Not Available,1%
YouGov,The Times,2018-07-19,2018-07-20,National,1668,Provided,Not Available,1%,38%,39%,9%,Not Available,Not Available,5%,6%,2%,Not Available,Not Available,1%
YouGov,The Times,2018-07-16,2018-07-17,National,1657,Provided,Not Available,1%,36%,41%,9%,Not Available,Not Available,4%,7%,2%,Not Available,Not Available,0%
Deltapoll,The Sun on Sunday,2018-07-12,2018-07-14,National,1484,Provided,Not Available,1%,37%,42%,7%,3%,1%,Not Available,6%,3%,Not Available,Not Available,1%
Opinium,The Observer,2018-07-10,2018-07-13,National,2005,Provided,Not Available,1%,36%,40%,8%,4%,1%,Not Available,8%,3%,Not Available,Not Available,1%
YouGov,The Times,2018-07-10,2018-07-11,National,1732,Provided,Not Available,1%,37%,39%,10%,Not Available,Not Available,4%,6%,3%,Not Available,Not Available,1%
YouGov,The Times,2018-07-08,2018-07-09,National,1669,Provided,Not Available,1%,39%,39%,9%,Not Available,Not Available,4%,5%,3%,Not Available,Not Available,1%
ICM Research,The Guardian,2018-07-06,2018-07-09,National,2013,Provided,Not Available,1%,41%,39%,9%,3%,0%,Not Available,4%,3%,Not Available,Not Available,1%
Kantar Public,,2018-07-05,2018-07-09,National,1086,Provided,Not Available,1%,40%,38%,9%,4%,1%,Not Available,3%,3%,Not Available,Not Available,2%
Survation,,2018-07-07,2018-07-07,National,1007,Provided,Not Available,1%,38%,40%,10%,3%,1%,Not Available,Not Available,Not Available,Not Available,Not Available,7%
BMG Research,,2018-07-03,2018-07-05,National,1511,Provided,Not Available,1%,39%,37%,10%,3%,1%,Not Available,3%,4%,Not Available,Not Available,0%
YouGov,The Times,2018-07-03,2018-07-04,National,1641,Provided,Not Available,1%,41%,40%,9%,Not Available,Not Available,4%,3%,2%,Not Available,Not Available,1%
Ipsos MORI,,2018-06-22,2018-06-27,National,1026,Provided,Not Available,1%,41%,38%,7%,4%,1%,Not Available,4%,4%,Not Available,Not Available,1%
YouGov,The Times,2018-06-25,2018-06-26,National,1645,Provided,Not Available,1%,42%,37%,9%,Not Available,Not Available,5%,3%,3%,Not Available,Not Available,1%
ICM Research,The Guardian,2018-06-22,2018-06-24,National,2013,Provided,Not Available,1%,41%,40%,9%,3%,0%,Not Available,3%,3%,Not Available,Not Available,1%
Survation,Good Morning Britain,2018-06-19,2018-06-20,National,1022,Provided,Not Available,1%,41%,38%,7%,4%,1%,Not Available,3%,3%,Not Available,Not Available,1%
YouGov,The Times,2018-06-18,2018-06-19,National,1606,Provided,Not Available,1%,42%,40%,9%,Not Available,Not Available,4%,3%,2%,Not Available,Not Available,1%
YouGov,The Times,2018-06-11,2018-06-12,National,1638,Provided,Not Available,1%,42%,39%,8%,Not Available,Not Available,4%,3%,3%,Not Available,Not Available,0%
ICM Research,The Guardian,2018-06-08,2018-06-10,National,2021,Provided,Not Available,1%,42%,40%,8%,3%,0%,Not Available,3%,3%,Not Available,Not Available,0%
BMG Research,The Independent,2018-06-05,2018-06-08,National,1490,Provided,Not Available,1%,38%,41%,11%,2%,0%,Not Available,4%,2%,Not Available,Not Available,1%
Opinium,The Observer,2018-06-05,2018-06-07,National,2005,Provided,Not Available,1%,42%,40%,7%,6%,1%,Not Available,3%,2%,Not Available,Not Available,1%
YouGov,The Times,2018-06-04,2018-06-05,National,1619,Provided,Not Available,1%,44%,37%,8%,Not Available,Not Available,4%,3%,3%,Not Available,Not Available,0%
Survation,,2018-05-31,2018-06-04,National,2012,Provided,Not Available,1%,41%,40%,9%,3%,1%,Not Available,2%,2%,Not Available,Not Available,1%
YouGov,The Times,2018-05-28,2018-05-29,National,1670,Provided,Not Available,1%,42%,39%,9%,Not Available,Not Available,5%,3%,2%,Not Available,Not Available,1%
ICM Research,The Guardian,2018-05-25,2018-05-29,National,2002,Provided,Not Available,1%,43%,40%,8%,3%,1%,Not Available,3%,2%,Not Available,Not Available,1%
Ipsos MORI,,2018-05-18,2018-05-22,National,1015,Provided,Not Available,1%,40%,40%,7%,5%,0%,Not Available,2%,5%,Not Available,Not Available,0%
YouGov,The Times,2018-05-20,2018-05-21,National,1660,Provided,Not Available,1%,42%,38%,9%,Not Available,Not Available,4%,2%,3%,Not Available,Not Available,1%
ComRes,Daily Mail,2018-05-16,2018-05-17,National,2045,Provided,Not Available,1%,41%,41%,7%,3%,1%,Not Available,3%,3%,Not Available,Not Available,1%
Opinium,The Observer,2018-05-15,2018-05-16,National,2009,Provided,Not Available,1%,43%,39%,6%,4%,1%,Not Available,4%,3%,Not Available,Not Available,1%
YouGov,The Times,2018-05-13,2018-05-14,National,1634,Provided,Not Available,1%,43%,38%,9%,Not Available,Not Available,3%,3%,3%,Not Available,Not Available,1%
ICM Research,The Guardian,2018-05-11,2018-05-13,National,2050,Provided,Not Available,1%,43%,40%,8%,3%,0%,Not Available,3%,3%,Not Available,Not Available,1%
Survation,,2018-05-08,2018-05-10,National,1585,Provided,Not Available,1%,41%,40%,8%,3%,1%,Not Available,3%,2%,Not Available,Not Available,2%
YouGov,The Times,2018-05-08,2018-05-09,National,1648,Provided,Not Available,1%,43%,38%,9%,Not Available,Not Available,4%,2%,2%,Not Available,Not Available,1%
BMG Research,The Independent,2018-05-01,2018-05-04,National,1441,Provided,Not Available,1%,39%,39%,10%,4%,0%,Not Available,4%,3%,Not Available,Not Available,1%
YouGov,The Times,2018-04-30,2018-05-01,National,1595,Provided,Not Available,1%,42%,38%,7%,Not Available,Not Available,4%,3%,3%,Not Available,Not Available,1%
ComRes,Daily Express,2018-04-27,2018-04-29,National,2030,Provided,Not Available,1%,40%,40%,9%,3%,0%,Not Available,5%,3%,Not Available,Not Available,1%
ICM Research,The Guardian,2018-04-27,2018-04-29,National,2026,Provided,Not Available,1%,42%,39%,8%,3%,0%,Not Available,4%,3%,Not Available,Not Available,1%
YouGov,The Times,2018-04-24,2018-04-25,National,1668,Provided,Not Available,1%,43%,38%,8%,Not Available,Not Available,4%,3%,3%,Not Available,Not Available,1%
Ipsos MORI,,2018-04-20,2018-04-24,National,1004,Provided,Not Available,1%,41%,40%,10%,3%,1%,Not Available,2%,2%,Not Available,Not Available,1%
YouGov,The Times,2018-04-16,2018-04-17,National,1631,Provided,Not Available,1%,43%,38%,8%,Not Available,Not Available,4%,3%,3%,Not Available,Not Available,1%
Survation,The Mail on Sunday,2018-04-14,2018-04-14,National,2060,Provided,Not Available,1%,40%,40%,9%,4%,1%,Not Available,3%,1%,Not Available,Not Available,3%
BMG Research,,2018-04-10,2018-04-13,National,1562,Provided,Not Available,1%,39%,38%,11%,4%,0%,Not Available,3%,4%,Not Available,Not Available,0%
ComRes,Sunday Express,2018-04-11,2018-04-12,National,2038,Provided,Not Available,1%,40%,41%,7%,3%,1%,Not Available,4%,2%,Not Available,Not Available,2%
Opinium,The Observer,2018-04-10,2018-04-12,National,2008,Provided,Not Available,1%,40%,40%,7%,4%,1%,Not Available,5%,2%,Not Available,Not Available,1%
YouGov,The Times,2018-04-09,2018-04-10,National,1639,Provided,Not Available,1%,40%,40%,9%,Not Available,Not Available,4%,4%,2%,Not Available,Not Available,1%
ICM Research,The Guardian,2018-04-06,2018-04-08,National,1682,Provided,Not Available,1%,42%,41%,7%,3%,0%,Not Available,4%,3%,Not Available,Not Available,0%
YouGov,The Times,2018-04-04,2018-04-05,National,1662,Provided,Not Available,1%,42%,41%,7%,Not Available,Not Available,4%,4%,2%,Not Available,Not Available,1%
Number Cruncher Politics,,2018-03-27,2018-04-05,National,1037,Provided,Not Available,1%,43%,38%,8%,4%,1%,Not Available,3%,3%,Not Available,Not Available,0%
YouGov,The Times,2018-03-26,2018-03-27,National,1659,Provided,Not Available,1%,43%,39%,8%,Not Available,Not Available,3%,3%,2%,Not Available,Not Available,1%
ICM Research,The Guardian,2018-03-16,2018-03-18,National,1642,Provided,Not Available,1%,44%,41%,8%,3%,1%,Not Available,1%,2%,Not Available,Not Available,1%
BMG Research,,2018-03-13,2018-03-16,National,1815,Provided,Not Available,1%,38%,40%,10%,4%,0%,Not Available,4%,3%,Not Available,Not Available,1%
YouGov,The Times,2018-03-14,2018-03-15,National,1986,Provided,Not Available,1%,42%,39%,7%,Not Available,Not Available,5%,3%,3%,Not Available,Not Available,1%
Opinium,The Observer,2018-03-13,2018-03-15,National,2001,Provided,Not Available,1%,42%,40%,6%,4%,1%,Not Available,4%,3%,Not Available,Not Available,0%
Survation,Good Morning Britain,2018-03-07,2018-03-08,National,1038,Provided,Not Available,1%,37%,44%,9%,3%,0%,Not Available,3%,2%,Not Available,Not Available,3%
Ipsos MORI,,2018-03-02,2018-03-07,National,1012,Provided,Not Available,1%,43%,42%,6%,4%,1%,Not Available,2%,2%,Not Available,Not Available,0%
YouGov,The Times,2018-03-05,2018-03-06,National,1641,Provided,Not Available,1%,41%,43%,7%,Not Available,Not Available,4%,2%,2%,Not Available,Not Available,1%
ICM Research,The Guardian,2018-03-02,2018-03-04,National,2030,Provided,Not Available,1%,43%,42%,7%,3%,0%,Not Available,2%,3%,Not Available,Not Available,0%
YouGov,The Times,2018-02-26,2018-02-27,National,1662,Provided,Not Available,1%,41%,42%,7%,Not Available,Not Available,4%,3%,2%,Not Available,Not Available,1%
YouGov,The Times,2018-02-19,2018-02-20,National,1650,Provided,Not Available,1%,40%,42%,8%,Not Available,Not Available,4%,4%,2%,Not Available,Not Available,0%
ICM Research,The Guardian,2018-02-16,2018-02-19,National,1662,Provided,Not Available,1%,42%,43%,7%,3%,0%,Not Available,3%,2%,Not Available,Not Available,0%
YouGov,The Times,2018-02-12,2018-02-13,National,1639,Provided,Not Available,1%,40%,41%,8%,Not Available,Not Available,3%,4%,2%,Not Available,Not Available,1%
Kantar Public,,2018-02-06,2018-02-12,National,2448,Provided,Not Available,1%,39%,39%,8%,4%,1%,Not Available,4%,2%,Not Available,Not Available,2%
BMG Research,,2018-02-06,2018-02-09,National,1507,Provided,Not Available,1%,40%,40%,8%,2%,0%,Not Available,5%,4%,Not Available,Not Available,1%
Opinium,The Observer,2018-02-06,2018-02-08,National,2002,Provided,Not Available,1%,42%,39%,7%,4%,1%,Not Available,5%,2%,Not Available,Not Available,1%
YouGov,The Times,2018-02-05,2018-02-06,National,2000,Provided,Not Available,1%,43%,39%,8%,Not Available,Not Available,3%,3%,3%,Not Available,Not Available,1%
ICM Research,The Guardian,2018-02-02,2018-02-04,National,2021,Provided,Not Available,1%,41%,40%,8%,3%,0%,Not Available,4%,3%,Not Available,Not Available,1%
YouGov,The Times,2018-01-28,2018-01-29,National,1669,Provided,Not Available,1%,42%,42%,6%,Not Available,Not Available,4%,2%,3%,Not Available,Not Available,1%
Survation,,2018-01-26,2018-01-29,National,1059,Provided,Not Available,1%,40%,43%,8%,2%,0%,Not Available,3%,1%,Not Available,Not Available,3%
Ipsos MORI,,2018-01-19,2018-01-23,National,1031,Provided,Not Available,1%,39%,42%,9%,Not Available,Not Available,4%,3%,2%,Not Available,Not Available,1%
ICM Research,The Guardian,2018-01-10,2018-01-19,National,4117,Provided,Not Available,1%,41%,41%,7%,3%,0%,Not Available,4%,3%,Not Available,Not Available,1%
YouGov,The Times,2018-01-16,2018-01-17,National,1672,Provided,Not Available,1%,41%,42%,7%,Not Available,Not Available,4%,3%,2%,Not Available,Not Available,0%
ICM Research,The Guardian,2018-01-12,2018-01-14,National,2027,Provided,Not Available,1%,40%,41%,7%,3%,1%,Not Available,4%,3%,Not Available,Not Available,0%
Opinium,The Observer,2018-01-11,2018-01-12,National,2008,Provided,Not Available,1%,40%,40%,6%,4%,0%,Not Available,5%,3%,Not Available,Not Available,1%
BMG Research,,2018-01-09,2018-01-12,National,1513,Provided,Not Available,1%,40%,41%,8%,3%,1%,Not Available,4%,2%,Not Available,Not Available,1%
YouGov,The Times,2018-01-07,2018-01-08,National,1663,Provided,Not Available,1%,40%,41%,9%,Not Available,Not Available,4%,3%,2%,Not Available,Not Available,0%
