Polling Firm,Commissioners,Fieldwork Start,Fieldwork End,Scope,Sample Size,Sample Size Qualification,Participation,Precision,Συνασπισμός Ριζοσπαστικής Αριστεράς,Νέα Δημοκρατία,Χρυσή Αυγή,Κίνημα Αλλαγής,Κομμουνιστικό Κόμμα Ελλάδας,Το Ποτάμι,Ανεξάρτητοι Έλληνες,Ένωση Κεντρώων,Λαϊκή Ενότητα,Πλεύση Ελευθερίας,Ελληνική Λύση,Μέτωπο Ευρωπαϊκής Ρεαλιστικής Ανυπακοής,Other
Pulse RC,ΣΚΑΪ,2021-01-25,2021-01-27,National,1706,Provided,Not Available,0.5%,25.5%,43.0%,Not Available,8.0%,7.0%,Not Available,Not Available,Not Available,Not Available,Not Available,5.0%,3.5%,Not Available
Metron Analysis,Mega,2021-01-19,2021-01-25,National,1200,Provided,Not Available,0.1%,25.3%,46.3%,Not Available,8.2%,7.3%,Not Available,Not Available,Not Available,Not Available,Not Available,4.6%,3.1%,Not Available
GPO,Παραπολιτικά,2021-01-19,2021-01-22,National,1000,Provided,Not Available,0.1%,27.6%,44.1%,Not Available,7.3%,7.2%,Not Available,Not Available,Not Available,Not Available,Not Available,4.7%,3.5%,Not Available
Alco,Open TV,2021-01-14,2021-01-19,National,1000,Provided,Not Available,0.1%,27.1%,44.2%,Not Available,6.7%,6.5%,Not Available,Not Available,Not Available,Not Available,1.5%,4.6%,3.1%,Not Available
To The Point,Voria.gr,2021-01-07,2021-01-16,National,889,Provided,Not Available,0.1%,28.9%,42.5%,Not Available,6.8%,5.0%,Not Available,Not Available,Not Available,Not Available,Not Available,5.5%,3.5%,Not Available
Marc,Αlpha TV,2021-01-07,2021-01-11,National,1010,Provided,Not Available,0.1%,25.0%,48.3%,Not Available,8.1%,6.3%,Not Available,Not Available,Not Available,Not Available,Not Available,4.8%,2.5%,Not Available
Opinion Poll,,2021-01-04,2021-01-08,National,1004,Provided,Not Available,0.1%,26.5%,47.8%,Not Available,8.1%,6.3%,Not Available,Not Available,Not Available,Not Available,Not Available,4.0%,3.3%,Not Available
Interview,Βεργίνα TV,2020-12-03,2020-12-07,National,1205,Provided,Not Available,0.1%,24.7%,44.8%,Not Available,8.0%,5.5%,Not Available,Not Available,Not Available,Not Available,Not Available,5.5%,3.2%,Not Available
Pulse RC,ΣΚΑΪ,2020-12-12,2020-12-16,National,1312,Provided,Not Available,0.1%,26.2%,43.7%,Not Available,7.7%,6.6%,Not Available,Not Available,Not Available,Not Available,Not Available,4.9%,3.3%,Not Available
MRB,Star,2020-12-27,2020-12-11,National,1185,Provided,Not Available,0.1%,27.2%,44.9%,1.2%,7.9%,5.9%,Not Available,Not Available,1.2%,Not Available,Not Available,4.8%,3.7%,Not Available
Alco,Open TV,2020-12-03,2020-12-09,National,1000,Provided,Not Available,0.1%,26.2%,44.1%,Not Available,8.0%,6.5%,Not Available,Not Available,Not Available,Not Available,1.7%,4.9%,3.5%,Not Available
Interview,Βεργίνα TV,2020-11-26,2020-12-02,National,1100,Provided,Not Available,0.1%,25.4%,45.2%,Not Available,8.0%,5.4%,Not Available,Not Available,Not Available,Not Available,Not Available,5.9%,3.1%,Not Available
Prorata,,2020-11-24,2020-11-27,National,2726,Provided,Not Available,0.1%,29.4%,44.2%,Not Available,6.1%,5.5%,Not Available,Not Available,Not Available,Not Available,Not Available,3.7%,3.7%,Not Available
Pulse RC,ΣΚΑΪ,2020-11-24,2020-11-26,National,1312,Provided,Not Available,0.5%,25.5%,44.0%,Not Available,7.5%,6.5%,Not Available,Not Available,Not Available,Not Available,Not Available,6.0%,3.5%,Not Available
MRB,Star,2020-11-22,2020-11-24,National,1004,Provided,Not Available,0.1%,27.1%,47.0%,Not Available,7.1%,5.6%,Not Available,Not Available,Not Available,Not Available,Not Available,5.3%,3.4%,Not Available
Κάπα Research,,2020-11-17,2020-11-19,National,1054,Provided,Not Available,0.1%,28.6%,45.7%,Not Available,7.3%,6.2%,Not Available,Not Available,Not Available,Not Available,Not Available,4.2%,3.4%,Not Available
Metron Analysis,MEGA TV,2020-11-18,2020-11-24,National,1205,Provided,Not Available,0.1%,24.8%,45.8%,Not Available,8.0%,6.3%,Not Available,Not Available,1.4%,Not Available,Not Available,5.5%,3.8%,Not Available
Opinion Poll,,2020-11-04,2020-11-11,National,1000,Provided,Not Available,0.1%,24.4%,48.6%,Not Available,8.4%,6.5%,Not Available,Not Available,Not Available,Not Available,Not Available,4.0%,3.6%,Not Available
GPO,Παραπολιτικά,2020-11-10,2020-11-13,National,1000,Provided,Not Available,0.1%,28.9%,44.5%,Not Available,7.6%,6.5%,Not Available,Not Available,Not Available,Not Available,Not Available,4.3%,2.5%,Not Available
Alco,Open TV,2020-11-06,2020-11-11,National,1000,Provided,Not Available,0.1%,25.9%,43.4%,1.3%,8.3%,6.7%,Not Available,Not Available,Not Available,Not Available,1.3%,3.6%,3.5%,Not Available
GPO,Action24,2020-10-26,2020-10-28,National,1000,Provided,Not Available,0.1%,28.1%,45.6%,Not Available,8.3%,6.3%,Not Available,Not Available,Not Available,Not Available,Not Available,3.7%,3.1%,Not Available
Pulse RC,ΣΚΑΪ,2020-10-18,2020-10-22,National,1000,Provided,Not Available,0.1%,25.5%,45.1%,Not Available,7.6%,6.5%,Not Available,Not Available,Not Available,Not Available,Not Available,4.9%,3.3%,Not Available
Interview,Βεργίνα TV,2020-10-16,2020-10-21,National,1184,Provided,Not Available,0.1%,22.1%,45.5%,Not Available,8.4%,5.8%,Not Available,Not Available,Not Available,Not Available,Not Available,5.2%,3.5%,Not Available
Opinion Poll,,2020-10-11,2020-10-15,National,1000,Provided,Not Available,0.1%,23.8%,49.9%,Not Available,8.8%,6.8%,Not Available,Not Available,Not Available,Not Available,Not Available,4.2%,3.7%,Not Available
Marc,Αlpha TV,2020-10-10,2020-10-14,National,1007,Provided,Not Available,0.1%,24.3%,48.9%,Not Available,8.1%,6.6%,Not Available,Not Available,Not Available,Not Available,Not Available,4.1%,3.1%,Not Available
Alco,Open TV,2020-10-06,2020-10-10,National,1000,Provided,Not Available,0.1%,25.8%,43.1%,2.2%,7.5%,6.0%,Not Available,Not Available,Not Available,Not Available,1.4%,4.8%,4.2%,Not Available
Metron Analysis,MEGA TV,2020-09-23,2020-09-29,National,1202,Provided,Not Available,0.1%,25.5%,47.9%,Not Available,6.9%,5.9%,Not Available,Not Available,Not Available,Not Available,Not Available,5.7%,3.4%,Not Available
Pulse RC,ΣΚΑΪ,2020-09-22,2020-09-23,National,1305,Provided,Not Available,0.1%,26.4%,45.4%,Not Available,7.5%,6.3%,Not Available,Not Available,Not Available,Not Available,Not Available,4.6%,2.9%,Not Available
MRB,Star,2020-09-21,2020-09-23,National,1009,Provided,Not Available,0.1%,25.8%,48.0%,Not Available,6.2%,5.8%,Not Available,Not Available,Not Available,Not Available,Not Available,5.0%,3.6%,Not Available
Interview,Βεργίνα TV,2020-09-21,2020-09-23,National,1112,Provided,Not Available,0.1%,22.9%,45.4%,Not Available,8.6%,5.3%,Not Available,Not Available,Not Available,Not Available,Not Available,5.2%,3.4%,Not Available
GPO,Παραπολιτικά,2020-09-14,2020-09-16,National,1000,Provided,Not Available,0.1%,26.8%,46.6%,Not Available,8.1%,6.6%,Not Available,Not Available,Not Available,Not Available,Not Available,3.9%,3.1%,Not Available
Alco,Open TV,2020-09-14,2020-09-16,National,1000,Provided,Not Available,0.1%,25.2%,44.4%,Not Available,7.8%,6.1%,Not Available,Not Available,Not Available,Not Available,1.7%,5.2%,3.4%,Not Available
Marc,Πρώτο ΘΕΜΑ,2020-09-10,2020-09-12,National,1527,Provided,Not Available,0.1%,24.6%,49.9%,Not Available,8.0%,6.3%,Not Available,Not Available,Not Available,Not Available,Not Available,3.7%,1.9%,Not Available
Opinion Poll,,2020-09-07,2020-09-10,National,1002,Provided,Not Available,0.1%,24.7%,51.1%,Not Available,7.4%,6.3%,Not Available,Not Available,Not Available,Not Available,Not Available,3.8%,2.8%,Not Available
GPO,Τα Νέα,2020-08-30,2020-09-02,National,1000,Provided,Not Available,0.1%,26.7%,46.9%,Not Available,8.3%,6.2%,Not Available,Not Available,Not Available,Not Available,Not Available,4.2%,3.0%,Not Available
Interview,Βεργίνα TV,2020-07-13,2020-07-15,National,1112,Provided,Not Available,0.1%,24.1%,47.4%,Not Available,7.4%,5.2%,Not Available,Not Available,Not Available,Not Available,Not Available,5.2%,4.0%,Not Available
Marc,Αlpha TV,2020-07-10,2020-07-13,National,1020,Provided,Not Available,0.1%,24.6%,50.1%,1.2%,6.9%,6.0%,Not Available,Not Available,Not Available,Not Available,Not Available,4.1%,2.3%,Not Available
Pulse RC,ΣΚΑΪ,2020-07-06,2020-07-08,National,1305,Provided,Not Available,0.5%,26.0%,46.5%,1.0%,7.0%,6.0%,Not Available,Not Available,Not Available,Not Available,Not Available,4.0%,3.0%,Not Available
Alco,Open TV,2020-06-29,2020-07-04,National,1000,Provided,Not Available,0.1%,27.7%,46.1%,Not Available,6.9%,6.0%,Not Available,Not Available,Not Available,Not Available,1.3%,3.7%,3.5%,Not Available
Opinion Poll,,2020-07-01,2020-07-03,National,1100,Provided,Not Available,0.1%,24.7%,49.1%,1.4%,6.9%,6.0%,Not Available,Not Available,Not Available,Not Available,1.4%,4.2%,3.0%,Not Available
Κάπα Research,,2020-07-02,2020-07-02,National,1000,Provided,Not Available,0.1%,27.0%,47.3%,1.7%,6.5%,5.2%,Not Available,Not Available,Not Available,Not Available,Not Available,3.8%,3.1%,Not Available
Marc,,2020-07-01,2020-07-02,National,2000,Provided,Not Available,0.1%,25.5%,52.2%,Not Available,7.0%,6.0%,Not Available,Not Available,Not Available,Not Available,Not Available,4.4%,2.5%,Not Available
Metron Analysis,Το Βήμα,2020-06-24,2020-06-29,National,1388,Provided,Not Available,0.1%,25.8%,50.4%,Not Available,7.0%,7.6%,Not Available,Not Available,Not Available,Not Available,Not Available,3.9%,4.0%,Not Available
Prorata,,2020-06-22,2020-06-26,National,2200,Provided,Not Available,0.5%,28.5%,46.0%,1.0%,6.0%,5.0%,Not Available,Not Available,Not Available,Not Available,Not Available,3.5%,3.0%,Not Available
GPO,Τα Νέα,2020-06-22,2020-06-26,National,1500,Provided,Not Available,0.5%,26.0%,49.0%,Not Available,7.0%,6.5%,Not Available,Not Available,Not Available,Not Available,Not Available,5.0%,3.0%,Not Available
MRB,Star,2020-06-17,2020-06-25,National,2200,Provided,Not Available,0.1%,25.2%,46.2%,1.7%,7.6%,6.0%,Not Available,Not Available,Not Available,Not Available,Not Available,4.4%,3.2%,Not Available
Interview,Βεργίνα TV,2020-06-04,2020-06-09,National,1100,Provided,Not Available,0.1%,23.6%,47.1%,Not Available,7.7%,5.0%,Not Available,Not Available,Not Available,Not Available,Not Available,5.2%,3.7%,Not Available
Alco,Open TV,2020-06-02,2020-06-08,National,1000,Provided,Not Available,0.1%,26.8%,46.1%,1.6%,7.4%,6.1%,Not Available,Not Available,Not Available,Not Available,1.2%,4.2%,3.0%,Not Available
Opinion Poll,paraskhnio.gr,2020-06-01,2020-06-03,National,1060,Provided,Not Available,0.1%,24.3%,50.9%,2.5%,6.4%,5.9%,Not Available,Not Available,Not Available,Not Available,Not Available,4.4%,3.3%,Not Available
Pulse RC,ΣΚΑΪ,2020-06-01,2020-06-03,National,1208,Provided,Not Available,0.5%,26.0%,48.0%,Not Available,6.5%,5.5%,Not Available,Not Available,Not Available,Not Available,Not Available,4.0%,3.5%,Not Available
GPO,Παραπολιτικά,2020-05-22,2020-05-27,National,1000,Provided,Not Available,0.1%,24.1%,50.2%,Not Available,7.2%,6.5%,Not Available,Not Available,Not Available,Not Available,Not Available,4.8%,3.0%,Not Available
Metron Analysis,MEGA TV,2020-05-22,2020-05-27,National,1201,Provided,Not Available,0.1%,25.7%,49.6%,2.0%,6.3%,5.7%,Not Available,Not Available,Not Available,Not Available,Not Available,3.2%,3.1%,Not Available
MRB,Star,2020-05-08,2020-05-13,National,1228,Provided,Not Available,0.1%,25.2%,49.7%,Not Available,6.2%,5.3%,Not Available,Not Available,Not Available,Not Available,Not Available,4.8%,3.7%,Not Available
Alco,Open TV,2020-05-05,2020-05-10,National,1000,Provided,Not Available,0.1%,26.1%,46.2%,2.8%,6.8%,6.4%,Not Available,Not Available,Not Available,Not Available,1.5%,4.4%,2.5%,Not Available
Opinion Poll,,2020-05-07,2020-05-09,National,1080,Provided,Not Available,0.1%,25.1%,50.4%,1.4%,5.6%,6.3%,Not Available,Not Available,Not Available,Not Available,Not Available,5.0%,3.8%,Not Available
Pulse RC,ΣΚΑΪ,2020-05-04,2020-05-06,National,1207,Provided,Not Available,0.5%,25.0%,48.0%,1.5%,7.0%,6.0%,Not Available,Not Available,Not Available,Not Available,Not Available,4.5%,3.0%,Not Available
Interview,Βεργίνα TV,2020-05-03,2020-05-06,National,1105,Provided,Not Available,0.1%,23.1%,49.0%,Not Available,7.4%,5.3%,Not Available,Not Available,Not Available,Not Available,Not Available,5.2%,3.4%,Not Available
Prorata,,2020-04-24,2020-04-29,National,2500,Provided,Not Available,1%,28.0%,46.0%,2.0%,6.0%,6.0%,Not Available,Not Available,Not Available,Not Available,Not Available,5.0%,3.0%,Not Available
Metron Analysis,MEGA TV,2020-04-22,2020-04-28,National,1204,Provided,Not Available,0.1%,25.4%,50.4%,1.8%,5.9%,5.6%,Not Available,Not Available,Not Available,Not Available,Not Available,3.4%,3.8%,Not Available
GPO,Παραπολιτικά,2020-04-14,2020-04-22,National,1000,Provided,Not Available,0.1%,25.8%,49.8%,Not Available,7.3%,5.5%,Not Available,Not Available,Not Available,Not Available,Not Available,4.9%,3.0%,Not Available
Κάπα Research,ΕΘΝΟΣ,2020-04-15,2020-04-17,National,1060,Provided,Not Available,0.1%,27.3%,49.0%,2.4%,5.9%,5.1%,Not Available,Not Available,Not Available,Not Available,Not Available,3.8%,3.3%,Not Available
Marc,Alpha TV,2020-04-11,2020-04-13,National,1020,Provided,Not Available,0.1%,24.5%,52.7%,1.8%,6.5%,5.8%,Not Available,Not Available,Not Available,Not Available,Not Available,3.7%,2.4%,Not Available
Pulse RC,ΣΚΑΪ,2020-03-30,2020-04-01,National,1250,Provided,Not Available,0.5%,24.5%,50.0%,1.0%,6.0%,5.5%,Not Available,Not Available,Not Available,Not Available,Not Available,5.0%,3.0%,Not Available
Opinion Poll,Πρώτο ΘΕΜΑ,2020-03-23,2020-03-26,National,1095,Provided,Not Available,0.1%,25.5%,50.5%,Not Available,6.3%,6.9%,Not Available,Not Available,Not Available,Not Available,Not Available,5.7%,2.5%,Not Available
Opinion Poll,Πρώτο ΘΕΜΑ,2020-03-06,2020-03-07,National,1200,Provided,Not Available,0.1%,26.1%,48.7%,Not Available,5.7%,6.3%,Not Available,Not Available,Not Available,Not Available,Not Available,5.7%,3.4%,Not Available
Alco,Open TV,2020-03-02,2020-03-07,National,1000,Provided,Not Available,0.1%,28.1%,43.9%,3.6%,7.2%,6.6%,Not Available,Not Available,Not Available,Not Available,1.5%,6.2%,2.7%,Not Available
Pulse RC,ΣΚΑΪ,2020-03-03,2020-03-04,National,1258,Provided,Not Available,0.5%,28.0%,43.5%,1.5%,7.5%,5.5%,Not Available,Not Available,Not Available,Not Available,Not Available,6.0%,3.0%,Not Available
Opinion Poll,,2020-01-22,2020-01-27,National,1098,Provided,Not Available,0.1%,26.7%,48.0%,Not Available,6.3%,5.8%,Not Available,Not Available,Not Available,Not Available,Not Available,5.4%,3.4%,Not Available
Metron Analysis,Το Βήμα,2020-01-20,2020-01-22,National,1203,Provided,Not Available,0.1%,26.8%,45.2%,Not Available,7.1%,6.1%,Not Available,Not Available,Not Available,Not Available,Not Available,5.8%,4.9%,Not Available
Pulse RC,ΣΚΑΪ,2020-01-21,2020-01-22,National,1210,Provided,Not Available,0.5%,29.0%,43.0%,1.5%,7.5%,5.5%,Not Available,Not Available,Not Available,Not Available,Not Available,5.0%,3.5%,Not Available
MRB,Star,2020-01-13,2020-01-17,National,1436,Provided,Not Available,0.1%,26.4%,43.5%,1.7%,7.5%,6.2%,Not Available,Not Available,Not Available,Not Available,Not Available,5.3%,4.1%,Not Available
Interview,Βεργίνα TV,2020-01-07,2020-01-08,National,1005,Provided,Not Available,0.1%,28.1%,45.8%,Not Available,5.4%,5.4%,Not Available,Not Available,Not Available,Not Available,Not Available,4.7%,3.5%,Not Available
Pulse RC,ΣΚΑΪ,2019-12-16,2019-12-18,National,1202,Provided,Not Available,0.1%,28.0%,42.5%,2.5%,7.5%,6.0%,Not Available,Not Available,Not Available,Not Available,Not Available,5.0%,3.5%,Not Available
MRB,Star,2019-11-27,2019-12-05,National,2000,Provided,Not Available,0.1%,27.6%,41.5%,3.0%,8.7%,6.2%,Not Available,Not Available,Not Available,Not Available,Not Available,4.8%,3.6%,Not Available
Opinion Poll,,2019-11-25,2019-11-28,National,1058,Provided,Not Available,0.1%,27.8%,49.0%,Not Available,6.4%,6.2%,Not Available,Not Available,Not Available,Not Available,Not Available,5.4%,3.6%,Not Available
Μetron Analysis,Το Βήμα,2019-11-18,2019-11-20,National,1203,Provided,Not Available,0.1%,25.7%,45.4%,1.7%,7.5%,5.8%,Not Available,Not Available,Not Available,Not Available,Not Available,5.1%,4.6%,Not Available
Pulse RC,ΣΚΑΪ,2019-11-18,2019-11-20,National,1211,Provided,Not Available,0.1%,27.6%,43.7%,1.1%,6.9%,6.3%,Not Available,Not Available,Not Available,Not Available,Not Available,4.6%,4.0%,Not Available
Palmos Analysis,GUE–NGL,2019-11-11,2019-11-14,National,1013,Provided,Not Available,0.1%,27.4%,40.6%,3.9%,6.4%,6.8%,Not Available,Not Available,0.7%,Not Available,1.3%,4.3%,3.5%,Not Available
Marc,Πρώτο ΘΕΜΑ,2019-10-29,2019-10-31,National,1003,Provided,Not Available,0.1%,27.5%,47.6%,2.2%,6.7%,6.0%,Not Available,Not Available,Not Available,Not Available,1.4%,3.4%,3.4%,Not Available
Pulse RC,ΣΚΑΪ,2019-10-22,2019-10-23,National,1103,Provided,Not Available,0.5%,28.5%,44.0%,1.5%,7.0%,5.5%,Not Available,Not Available,Not Available,Not Available,Not Available,4.0%,4.5%,Not Available
Μetron Analysis,Το Βήμα,2019-09-16,2019-09-18,National,1202,Provided,Not Available,0.1%,26.8%,46.1%,1.8%,7.1%,6.8%,Not Available,Not Available,Not Available,Not Available,Not Available,3.9%,4.4%,Not Available
Pulse RC,ΣΚΑΪ,2019-09-17,2019-09-18,National,1110,Provided,Not Available,0.1%,29.5%,44.5%,Not Available,7.0%,5.0%,Not Available,Not Available,Not Available,Not Available,Not Available,3.5%,4.5%,Not Available
MRB,Star,2019-09-14,2019-09-16,National,1020,Provided,Not Available,0.1%,26.7%,44.4%,Not Available,7.8%,5.9%,Not Available,Not Available,Not Available,Not Available,Not Available,3.8%,5.2%,Not Available
Marc,Πρώτο ΘΕΜΑ,2019-09-02,2019-09-05,National,1001,Provided,Not Available,0.1%,28.2%,45.9%,1.8%,7.4%,5.8%,Not Available,Not Available,Not Available,Not Available,1.3%,3.3%,3.3%,Not Available
Opinion Poll,,2019-09-02,2019-09-04,National,1102,Provided,Not Available,0.1%,26.6%,48.3%,2.4%,6.2%,5.1%,Not Available,Not Available,Not Available,Not Available,1.6%,3.7%,3.8%,Not Available
Metron Analysis,,2019-07-01,2019-07-05,National,1449,Provided,Not Available,0.1%,28.0%,40.0%,4.5%,7.7%,5.5%,Not Available,Not Available,1.5%,Not Available,Not Available,3.0%,4.0%,Not Available
Κάπα Research,ΕΘΝΟΣ,2019-07-01,2019-07-05,National,1241,Provided,Not Available,0.1%,28.0%,40.0%,3.9%,7.3%,5.4%,Not Available,Not Available,1.5%,Not Available,1.5%,3.1%,3.4%,Not Available
Marc,ANT1,2019-07-02,2019-07-04,National,1412,Provided,Not Available,0.1%,27.5%,38.9%,3.6%,7.0%,5.5%,Not Available,Not Available,1.2%,Not Available,1.9%,3.9%,3.7%,Not Available
MRB,Star,2019-07-01,2019-07-04,National,1205,Provided,Not Available,0.1%,28.5%,38.8%,3.9%,7.8%,5.7%,Not Available,Not Available,2.4%,Not Available,1.7%,3.4%,4.1%,Not Available
RASS,Action24,2019-07-01,2019-07-04,National,1003,Provided,Not Available,0.1%,27.7%,39.4%,2.7%,8.2%,5.9%,Not Available,Not Available,2.0%,Not Available,1.8%,3.2%,3.0%,Not Available
Metron Analysis,Alpha TV,2019-06-27,2019-07-01,National,1207,Provided,Not Available,0.1%,29.2%,38.6%,4.0%,7.5%,5.2%,Not Available,Not Available,2.0%,Not Available,1.7%,3.4%,4.5%,Not Available
Pulse RC,ΣΚΑΪ,2019-07-02,2019-07-03,National,1206,Provided,Not Available,0.1%,30.3%,38.9%,4.3%,7.6%,5.4%,Not Available,Not Available,1.6%,Not Available,1.6%,3.2%,3.2%,Not Available
Interview,Βεργίνα TV,2019-07-01,2019-07-03,National,1005,Provided,Not Available,0.1%,25.1%,35.7%,4.3%,7.2%,5.3%,Not Available,Not Available,1.7%,Not Available,Not Available,4.0%,2.4%,Not Available
Public Issue,,2019-06-18,2019-07-03,National,1003,Provided,Not Available,0.5%,27.0%,42.5%,3.5%,8.0%,5.5%,Not Available,Not Available,2.0%,Not Available,Not Available,3.0%,3.0%,Not Available
Alco,Open TV,2019-06-28,2019-07-02,National,1000,Provided,Not Available,0.1%,27.8%,38.9%,4.1%,8.0%,4.9%,Not Available,Not Available,1.6%,Not Available,1.5%,3.6%,3.0%,Not Available
Prorata,,2019-06-28,2019-07-01,National,1000,Provided,Not Available,0.1%,26.5%,39.5%,3.6%,7.0%,5.5%,Not Available,Not Available,Not Available,Not Available,Not Available,3.2%,3.2%,Not Available
RASS,in.gr,2019-06-24,2019-06-27,National,1002,Provided,Not Available,0.1%,28.7%,38.8%,3.5%,9.5%,6.7%,Not Available,Not Available,1.4%,Not Available,Not Available,3.7%,3.1%,Not Available
MRB,Τα Νέα,2019-06-24,2019-06-26,National,1014,Provided,Not Available,0.1%,29.0%,37.9%,3.8%,8.1%,5.0%,Not Available,Not Available,2.3%,Not Available,1.3%,3.6%,3.4%,Not Available
Interview,Politik,2019-06-24,2019-06-26,National,1005,Provided,Not Available,0.1%,28.5%,39.1%,4.6%,7.3%,5.2%,Not Available,Not Available,1.7%,Not Available,1.1%,4.5%,2.8%,Not Available
Pulse RC,ΣΚΑΪ,2019-06-24,2019-06-26,National,1504,Provided,Not Available,0.1%,29.4%,38.9%,4.4%,7.2%,5.5%,Not Available,Not Available,1.7%,Not Available,1.1%,3.9%,3.9%,Not Available
Marc,ANT1,2019-06-19,2019-06-23,National,1214,Provided,Not Available,0.1%,27.2%,39.2%,3.6%,7.5%,5.7%,Not Available,Not Available,1.6%,Not Available,1.7%,3.6%,3.9%,Not Available
Prorata,Newpost,2019-06-18,2019-06-20,National,1000,Provided,Not Available,0.1%,27.6%,40.2%,4.0%,7.5%,5.2%,1.4%,Not Available,1.1%,Not Available,1.1%,2.9%,3.4%,Not Available
Interview,Βεργίνα TV,2019-06-18,2019-06-20,National,1000,Provided,Not Available,0.1%,22.4%,34.2%,3.2%,6.0%,4.8%,Not Available,Not Available,1.5%,Not Available,1.8%,3.8%,2.5%,Not Available
Pulse RC,ΣΚΑΪ,2019-06-18,2019-06-19,National,1221,Provided,Not Available,0.1%,29.6%,37.8%,5.8%,8.5%,6.9%,Not Available,Not Available,2.3%,Not Available,2.3%,4.1%,4.6%,Not Available
Opinion Poll,,2019-06-17,2019-06-19,National,1000,Estimated/Assumed,Not Available,0.1%,27.0%,39.8%,3.3%,6.4%,4.6%,Not Available,Not Available,1.1%,Not Available,2.3%,3.6%,4.1%,Not Available
Metron Analysis,Το Βήμα,2019-06-14,2019-06-19,National,1001,Provided,Not Available,0.1%,29.5%,38.0%,3.3%,8.0%,5.2%,Not Available,Not Available,2.5%,Not Available,Not Available,2.8%,2.4%,Not Available
Alco,,2019-06-13,2019-06-19,National,1000,Provided,Not Available,0.1%,23.2%,32.4%,3.8%,6.5%,4.8%,Not Available,Not Available,1.1%,Not Available,1.8%,3.0%,3.5%,Not Available
Marc,,2019-06-10,2019-06-13,National,1115,Provided,Not Available,0.1%,28.7%,40.1%,4.1%,8.3%,5.7%,Not Available,Not Available,1.2%,Not Available,Not Available,3.5%,Not Available,Not Available
Pulse RC,ΣΚΑΪ,2019-06-10,2019-06-12,National,1356,Provided,Not Available,0.1%,28.8%,37.9%,5.6%,7.3%,6.2%,Not Available,Not Available,1.1%,Not Available,Not Available,3.4%,4.0%,Not Available
MRB,Star,2019-06-10,2019-06-12,National,1003,Provided,Not Available,0.1%,28.0%,37.0%,5.4%,7.3%,6.0%,Not Available,Not Available,2.1%,Not Available,Not Available,3.0%,4.0%,Not Available
Metron Analysis,Alpha TV,2019-06-03,2019-06-05,National,1201,Provided,Not Available,0.1%,29.6%,39.8%,4.7%,7.8%,4.8%,Not Available,Not Available,Not Available,Not Available,Not Available,2.5%,3.5%,Not Available
Pulse RC,ΣΚΑΪ,2019-05-30,2019-06-01,National,1358,Provided,Not Available,0.1%,26.7%,36.4%,5.3%,8.6%,5.9%,1.6%,Not Available,1.6%,Not Available,1.6%,4.3%,3.0%,Not Available
Vox Pop Analysis,Documento,2019-05-06,2019-05-08,National,1286,Provided,Not Available,1%,32%,35%,7%,6%,5%,0.8%,0%,1%,1%,1%,2%,Not Available,Not Available
MRB,Star,2019-05-06,2019-05-08,National,1139,Provided,88.7%,1%,27%,36%,7%,8%,7%,2%,1%,3%,Not Available,Not Available,2%,Not Available,Not Available
Interview,Βεργίνα TV,2019-04-15,2019-04-17,National,1005,Provided,Not Available,0.1%,25.4%,36.8%,8.7%,8.1%,7.0%,1.4%,1.5%,2.4%,1.6%,1.7%,2.9%,Not Available,Not Available
Metron Analysis,Alpha TV,2019-04-15,2019-04-17,National,1200,Provided,Not Available,0.1%,27.3%,37.5%,6.7%,8.7%,6.4%,2.0%,1.3%,2.2%,Not Available,Not Available,3.1%,Not Available,Not Available
MRB,Star,2019-04-01,2019-04-03,National,1003,Provided,Not Available,0.1%,27.4%,37.3%,7.3%,7.6%,7.2%,1.6%,1.2%,2.4%,Not Available,Not Available,2.7%,Not Available,Not Available
Marc,Πρώτο ΘΕΜΑ,2019-03-26,2019-04-01,National,1200,Provided,Not Available,0.1%,26.1%,37.2%,7.1%,7.9%,6.3%,1.3%,Not Available,3.1%,1.1%,1.1%,3.1%,Not Available,Not Available
RASS,in.gr,2019-03-26,2019-03-28,National,1005,Provided,Not Available,0.1%,25.2%,35.9%,8.3%,10.7%,8.5%,Not Available,1.7%,3.2%,Not Available,Not Available,2.0%,Not Available,Not Available
Pulse RC,ΣΚΑΪ,2019-03-23,2019-03-27,National,1452,Provided,Not Available,1%,25%,37%,8%,8%,7%,2%,2%,2%,Not Available,2%,3%,Not Available,Not Available
Vox Pop Analysis,Documento,2019-03-18,2019-03-20,National,1000,Provided,Not Available,0.1%,28.2%,30.5%,7.8%,5.8%,4.4%,0.8%,0.4%,0.7%,Not Available,Not Available,Not Available,Not Available,Not Available
Metron Analysis,Το Βήμα,2019-03-18,2019-03-20,National,1204,Provided,Not Available,0.1%,26.0%,36.8%,7.5%,7.4%,6.2%,1.5%,1.4%,1.8%,1.7%,Not Available,2.1%,Not Available,Not Available
Pulse RC,ΣΚΑΪ,2019-02-24,2019-02-26,National,1323,Provided,Not Available,0.5%,24.5%,37.0%,9.0%,8.0%,7.0%,1.0%,1.0%,2.0%,1.0%,1.0%,3.0%,Not Available,Not Available
Alco,Open,2019-02-18,2019-02-23,National,1000,Provided,Not Available,0.1%,25.0%,32.8%,7.3%,5.7%,7.0%,1.8%,1.9%,3.7%,3.6%,Not Available,1.9%,Not Available,Not Available
Public Issue,,2019-02-01,2019-02-14,National,1002,Provided,Not Available,0.5%,24.5%,39.0%,7.5%,8.5%,7.5%,1.0%,1.0%,2.5%,Not Available,Not Available,3.0%,Not Available,Not Available
Interview,Βεργίνα TV,2019-02-04,2019-02-05,National,1000,Provided,Not Available,0.1%,24.7%,36.7%,7.5%,6.1%,6.5%,1.4%,1.7%,2.8%,1.6%,1.5%,3.3%,Not Available,Not Available
Prorata,Η Εφημερίδα των Συντακτών,2019-02-01,2019-02-04,National,1000,Provided,Not Available,0.5%,24.5%,30.0%,7.0%,6.0%,5.5%,0.5%,Not Available,1.5%,0.5%,1.0%,2.5%,Not Available,Not Available
Vox Pop Analysis,Documento,2019-02-01,2019-02-02,National,1205,Provided,Not Available,0.1%,25.1%,37.2%,9.1%,4.8%,6.1%,Not Available,1.3%,2.7%,1.5%,Not Available,2.8%,Not Available,Not Available
Metron Analysis,Το Βήμα,2019-01-28,2019-01-29,National,7536,Provided,Not Available,0.1%,27.5%,29.5%,9.2%,4.8%,3.5%,0.7%,0.9%,1.9%,0.9%,1.3%,2.2%,Not Available,Not Available
RASS,in.gr,2019-01-21,2019-01-24,National,1004,Provided,Not Available,0.1%,25.2%,36.6%,8.6%,10.3%,8.4%,Not Available,1.9%,2.8%,Not Available,Not Available,2.6%,Not Available,Not Available
Pulse RC,ΣΚΑΪ,2019-01-20,2019-01-22,National,1356,Provided,Not Available,0.5%,26.0%,38.0%,9.0%,7.5%,6.5%,1.0%,1.0%,2.0%,1.0%,1.0%,2.0%,Not Available,Not Available
Marc,Πρώτο ΘΕΜΑ,2019-01-14,2019-01-17,National,1002,Provided,Not Available,0.1%,26.9%,37.3%,7.5%,7.5%,6.9%,2.2%,1.7%,2.7%,1.4%,Not Available,2.6%,Not Available,Not Available
Opinion Poll,,2019-01-10,2019-01-16,National,1000,Provided,Not Available,0.5%,22.0%,42.5%,5.8%,5.1%,5.5%,1.0%,0.5%,2.0%,1.7%,2.0%,2.9%,Not Available,Not Available
Pulse RC,ΣΚΑΪ,2018-12-16,2018-12-18,National,1354,Provided,Not Available,0.5%,26.0%,38.0%,8.0%,8.0%,7.0%,1.5%,1.5%,2.0%,Not Available,Not Available,2.0%,Not Available,Not Available
Alco,Open,2018-12-05,2018-12-10,National,1000,Provided,Not Available,0.1%,25.4%,32.8%,8.6%,6.4%,7.4%,1.5%,2.4%,2.3%,3.4%,Not Available,2.4%,Not Available,Not Available
MRB,real.gr,2018-11-28,2018-12-06,National,2000,Provided,Not Available,0.1%,27.6%,37.1%,8.1%,8.1%,7.1%,1.7%,1.7%,2.7%,Not Available,Not Available,1.5%,Not Available,Not Available
Κάπα Research,thebest.gr,2018-12-04,2018-12-06,National,1004,Provided,Not Available,0.1%,25.7%,31.7%,9.5%,8.1%,7.4%,1.9%,2.8%,2.9%,1.6%,Not Available,2.3%,Not Available,Not Available
Palmos Analysis,TVXS,2018-11-20,2018-11-23,National,1025,Provided,Not Available,0.1%,28.5%,34.0%,7.5%,6.5%,6.5%,2.5%,1.5%,3.5%,Not Available,Not Available,2.0%,Not Available,Not Available
Metron Analysis,Τα Νέα,2018-11-19,2018-11-21,National,1205,Provided,Not Available,0.1%,26.9%,37.8%,7.2%,6.9%,6.3%,2.5%,1.3%,2.4%,Not Available,Not Available,2.0%,Not Available,Not Available
Pulse RC,ΣΚΑΪ,2018-11-18,2018-11-20,National,1356,Provided,Not Available,0.5%,25.5%,36.5%,8.5%,9.0%,7.5%,2.0%,2.0%,2.5%,1.0%,Not Available,2.0%,Not Available,Not Available
Public Issue,,2018-11-06,2018-11-16,National,1000,Provided,Not Available,0.5%,22.0%,38.5%,7.0%,9.5%,7.5%,2.0%,1.0%,2.0%,Not Available,Not Available,Not Available,Not Available,Not Available
Marc,Πρώτο ΘΕΜΑ,2018-10-22,2018-10-24,National,1002,Provided,Not Available,0.1%,23.7%,36.8%,7.6%,8.4%,7.3%,2.3%,1.5%,2.8%,1.5%,Not Available,2.2%,Not Available,Not Available
Pulse RC,ΣΚΑΪ,2018-10-14,2018-10-16,National,1355,Provided,Not Available,0.5%,25.0%,38.0%,9.0%,8.5%,7.5%,2.0%,2.0%,2.0%,1.0%,Not Available,2.5%,Not Available,Not Available
Palmos Analysis,TVXS,2018-09-18,2018-09-21,National,1016,Provided,Not Available,0.1%,28.0%,34.0%,5.5%,8.0%,6.0%,2.5%,1.5%,2.5%,Not Available,Not Available,Not Available,Not Available,Not Available
Metron Analysis,Τα Νέα,2018-09-18,2018-09-20,National,1000,Provided,Not Available,0.1%,25.2%,36.9%,6.0%,8.1%,6.7%,2.3%,1.3%,3.2%,1.6%,1.6%,1.4%,Not Available,Not Available
MRB,Star,2018-09-17,2018-09-19,National,1004,Provided,Not Available,0.1%,26.9%,37.6%,7.3%,7.9%,7.2%,1.2%,1.8%,3.2%,Not Available,Not Available,1.6%,Not Available,Not Available
Alco,Kontra Channel,2018-09-17,2018-09-19,National,1000,Provided,Not Available,0.1%,25.8%,33.3%,8.0%,6.5%,7.5%,1.7%,2.6%,2.9%,2.5%,Not Available,1.5%,Not Available,Not Available
Κάπα Research,ΕΘΝΟΣ,2018-09-17,2018-09-18,National,1005,Provided,Not Available,0.1%,25.2%,31.4%,10.1%,8.8%,7.1%,1.7%,3.2%,2.9%,2.0%,Not Available,1.9%,Not Available,Not Available
Pulse RC,ΣΚΑΪ,2018-09-16,2018-09-18,National,1354,Provided,Not Available,0.5%,26.0%,38.0%,9.0%,8.0%,7.0%,2.0%,2.0%,2.5%,1.0%,Not Available,2.5%,Not Available,Not Available
Marc,Πρώτο ΘΕΜΑ,2018-09-08,2018-09-08,National,1000,Provided,Not Available,0.1%,23.2%,36.4%,8.4%,7.8%,7.3%,1.8%,1.4%,3.1%,1.7%,Not Available,2.5%,Not Available,Not Available
Κάπα Research,ΕΘΝΟΣ,2018-06-25,2018-07-02,National,1004,Estimated/Assumed,Not Available,0.1%,23.4%,30.6%,11.4%,9.1%,7.5%,Not Available,2.6%,3.4%,2.0%,Not Available,2.8%,Not Available,Not Available
MRB,Real,2018-06-22,2018-06-29,National,2000,Provided,Not Available,0.1%,25.2%,36.8%,8.4%,10.6%,6.9%,Not Available,2.1%,3.4%,Not Available,Not Available,1.3%,Not Available,Not Available
Metron Analysis,Τα Νέα,2018-06-26,2018-06-28,National,1000,Provided,Not Available,0.1%,22.6%,36.7%,8.0%,9.9%,6.8%,Not Available,2.0%,3.2%,Not Available,1.6%,2.8%,Not Available,Not Available
Alco,Kontra Channel,2018-06-23,2018-06-27,National,1000,Provided,Not Available,0.1%,23.6%,32.6%,7.5%,7.4%,8.6%,Not Available,1.4%,3.6%,2.5%,Not Available,2.2%,Not Available,Not Available
Pulse RC,ΣΚΑΪ,2018-06-24,2018-06-26,National,1323,Provided,Not Available,0.5%,24.5%,39.0%,8.5%,8.5%,7.0%,Not Available,2.0%,2.9%,1.0%,1.0%,2.0%,Not Available,Not Available
Marc,Πρώτο ΘΕΜΑ,2018-06-13,2018-06-15,National,1000,Provided,Not Available,0.1%,20.0%,37.8%,9.0%,9.3%,7.9%,Not Available,2.1%,3.4%,2.0%,Not Available,2.1%,Not Available,Not Available
RASS,Action 24,2018-05-29,2018-05-31,National,1002,Provided,Not Available,0.1%,23.7%,36.2%,8.5%,11.8%,8.3%,Not Available,3.0%,3.4%,Not Available,Not Available,Not Available,Not Available,Not Available
Alco,Kontra Channel,2018-05-16,2018-05-20,National,1000,Provided,80.4%,0.1%,20.2%,25.7%,7.0%,6.4%,6.0%,Not Available,1.8%,2.3%,2.1%,Not Available,1.6%,Not Available,Not Available
Pulse RC,ΣΚΑΪ,2018-05-13,2018-05-15,National,1341,Provided,Not Available,0.5%,25.0%,37.0%,9.0%,9.0%,7.0%,Not Available,2.5%,2.5%,1.0%,1.0%,1.5%,Not Available,Not Available
Public Issue,,2018-04-23,2018-05-07,National,1003,Provided,Not Available,0.5%,20.0%,39.0%,8.5%,11.0%,6.5%,Not Available,1.5%,3.5%,Not Available,Not Available,Not Available,Not Available,Not Available
Metron Analysis,Τα Νέα,2018-04-21,2018-04-21,National,1000,Estimated/Assumed,Not Available,0.1%,23.3%,36.3%,7.1%,9.0%,6.7%,Not Available,2.5%,3.3%,1.5%,2.3%,1.6%,Not Available,Not Available
Pulse RC,ΣΚΑΪ,2018-04-15,2018-04-17,National,1356,Provided,Not Available,0.5%,24.5%,36.0%,9.0%,10.5%,7.5%,Not Available,2.5%,2.5%,Not Available,Not Available,1.5%,Not Available,Not Available
Alco,Ραδιόφωνο 24/7,2018-04-11,2018-04-16,National,1000,Provided,Not Available,0.1%,24.5%,31.4%,8.8%,7.9%,6.3%,Not Available,2.6%,2.6%,3.7%,1.9%,Not Available,Not Available,Not Available
Palmos Analysis,TVXS,2018-04-12,2018-04-15,National,1009,Provided,Not Available,0.1%,25.5%,32.5%,7.5%,9.5%,8.5%,Not Available,2.5%,3.0%,Not Available,Not Available,Not Available,Not Available,Not Available
Κάπα Research,ΕΘΝΟΣ,2018-04-03,2018-04-03,National,8000,Provided,Not Available,0.1%,22.6%,28.4%,10.3%,10.3%,8.3%,Not Available,3.3%,3.0%,2.0%,1.8%,2.2%,Not Available,Not Available
Marc,Πρώτο ΘΕΜΑ,2018-03-01,2018-03-23,National,1000,Estimated/Assumed,Not Available,0.1%,22.7%,35.3%,8.9%,9.8%,7.8%,Not Available,2.1%,3.2%,2.1%,1.3%,1.3%,Not Available,Not Available
Pulse RC,ΣΚΑΪ,2018-03-11,2018-03-13,National,1304,Provided,Not Available,0.5%,24.5%,36.0%,9.0%,10.0%,7.0%,Not Available,2.5%,2.5%,Not Available,1.0%,1.0%,Not Available,Not Available
RASS,Πρώτο Θέμα,2018-03-06,2018-03-08,National,1002,Provided,Not Available,0.1%,23.4%,35.8%,8.8%,12.4%,7.7%,Not Available,3.0%,3.3%,Not Available,Not Available,Not Available,Not Available,Not Available
Pulse RC,Δημοκρατία,2018-03-03,2018-03-03,National,1207,Estimated/Assumed,Not Available,0.5%,25.0%,35.5%,9.5%,9.5%,7.0%,Not Available,2.5%,2.5%,1.0%,2.5%,1.0%,Not Available,Not Available
Opinion Poll,Παρασκήνιο,2018-03-03,2018-03-03,National,1000,Estimated/Assumed,Not Available,0.1%,25.6%,38.7%,7.0%,9.1%,7.1%,Not Available,1.2%,2.9%,2.6%,Not Available,Not Available,Not Available,Not Available
Alco,ΕΘΝΟΣ,2018-02-22,2018-02-24,National,1000,Provided,Not Available,0.1%,24.7%,32.0%,10.3%,9.3%,7.5%,Not Available,3.0%,2.7%,3.0%,1.3%,Not Available,Not Available,Not Available
Metron Analysis,Το Βήμα,2018-02-12,2018-02-23,National,2300,Provided,Not Available,0.1%,25.2%,34.9%,9.4%,8.4%,7.0%,Not Available,2.5%,3.0%,1.9%,Not Available,1.5%,Not Available,Not Available
Pulse RC,Action 24,2018-01-25,2018-01-29,National,1518,Provided,Not Available,0.5%,24.0%,36.5%,9.5%,10.5%,6.5%,Not Available,2.5%,2.5%,1.0%,1.0%,1.0%,Not Available,Not Available
Metron Analysis,Τα Νέα,2018-01-20,2018-01-20,National,1000,Estimated/Assumed,Not Available,0.1%,24.9%,35.4%,6.6%,9.8%,6.9%,Not Available,2.7%,3.2%,Not Available,2.7%,1.9%,Not Available,Not Available
Alco,Ραδιόφωνο 24/7,2018-01-16,2018-01-18,National,1000,Provided,Not Available,0.1%,25.0%,32.7%,9.3%,9.7%,7.3%,Not Available,2.9%,2.6%,4.0%,Not Available,Not Available,Not Available,Not Available
Public Issue,,2018-01-08,2018-01-18,National,1010,Provided,Not Available,0.5%,21.5%,37.0%,8.0%,13.0%,7.5%,1.0%,2.0%,2.0%,Not Available,Not Available,Not Available,Not Available,Not Available
Marc,Πρώτο ΘΕΜΑ,2018-01-13,2018-01-13,National,1000,Estimated/Assumed,Not Available,0.1%,22.9%,35.1%,8.1%,11.0%,7.7%,Not Available,2.9%,3.4%,2.2%,1.5%,Not Available,Not Available,Not Available
Pulse RC,bankingnews.gr,2018-01-08,2018-01-10,National,1207,Provided,Not Available,0.5%,25.0%,36.5%,8.5%,10.0%,6.5%,Not Available,2.5%,2.5%,Not Available,Not Available,Not Available,Not Available,Not Available
