Polling Firm,Commissioners,Fieldwork Start,Fieldwork End,Scope,Sample Size,Sample Size Qualification,Participation,Precision,Prawo i Sprawiedliwość,Platforma Obywatelska,Kukiz’15,.Nowoczesna,Polskie Stronnictwo Ludowe,Sojusz Lewicy Demokratycznej,Wiosna,KORWiN,Lewica Razem,Zjednoczona Prawica,Koalicja Obywatelska,Lewica,Koalicja Polska,Konfederacja,Bezpartyjni Samorządowcy,Koalicja Europejska,Polska 2050,Other
Social Changes,wPolityce.pl,2020-11-13,2020-11-16,National,1049,Provided,Not Available,1%,Not Available,Not Available,Not Available,Not Available,Not Available,Not Available,Not Available,Not Available,Not Available,32%,31%,12%,6%,8%,Not Available,Not Available,Not Available,11%
IBRiS,WP.pl,2020-11-13,2020-11-14,National,1100,Provided,Not Available,0.1%,Not Available,Not Available,Not Available,Not Available,Not Available,Not Available,Not Available,Not Available,Not Available,33.0%,24.1%,8.4%,5.0%,2.3%,Not Available,Not Available,13.1%,14.0%
Estymator,DoRzeczy.pl,2020-11-12,2020-11-13,National,1025,Provided,Not Available,0.1%,Not Available,Not Available,Not Available,Not Available,Not Available,Not Available,Not Available,Not Available,Not Available,36.8%,29.3%,9.4%,4.6%,6.6%,Not Available,Not Available,12.7%,1%
Kantar Public,,2020-11-06,2020-11-12,National,981,Provided,Not Available,1%,Not Available,Not Available,Not Available,Not Available,Not Available,Not Available,Not Available,Not Available,Not Available,30%,24%,6%,6%,6%,Not Available,Not Available,13%,15%
Social Changes,wPolityce.pl,2020-11-06,2020-11-09,National,1088,Provided,Not Available,1%,Not Available,Not Available,Not Available,Not Available,Not Available,Not Available,Not Available,Not Available,Not Available,32%,29%,15%,7%,9%,Not Available,Not Available,Not Available,8%
IBRiS,Onet,2020-11-03,2020-11-03,National,1100,Provided,Not Available,0.1%,Not Available,Not Available,Not Available,Not Available,Not Available,Not Available,Not Available,Not Available,Not Available,28.7%,24.7%,7.0%,5.1%,5.1%,Not Available,Not Available,11.3%,18.0%
Social Changes,wPolityce.pl,2020-10-30,2020-11-02,National,1080,Provided,Not Available,1%,Not Available,Not Available,Not Available,Not Available,Not Available,Not Available,Not Available,Not Available,Not Available,30%,27%,14%,6%,10%,Not Available,Not Available,Not Available,13%
United Survey,RMF,2020-10-31,2020-10-31,National,1000,Provided,Not Available,0.1%,Not Available,Not Available,Not Available,Not Available,Not Available,Not Available,Not Available,Not Available,Not Available,30.9%,25.3%,6.0%,2.7%,4.9%,Not Available,Not Available,14.7%,15.4%
IBRiS,"Rz",2020-10-30,2020-10-31,National,1100,Provided,Not Available,0.1%,Not Available,Not Available,Not Available,Not Available,Not Available,Not Available,Not Available,Not Available,Not Available,28.0%,23.1%,6.2%,2.8%,4.4%,Not Available,Not Available,14.9%,20.6%
IBRiS,WP.pl,2020-10-30,2020-10-30,National,1100,Provided,Not Available,0.1%,Not Available,Not Available,Not Available,Not Available,Not Available,Not Available,Not Available,Not Available,Not Available,34.8%,28.8%,8.3%,4%,6.4%,Not Available,Not Available,17.9%,9.6%
Estymator,DoRzeczy.pl,2020-10-29,2020-10-30,National,1017,Provided,Not Available,0.1%,Not Available,Not Available,Not Available,Not Available,Not Available,Not Available,Not Available,Not Available,Not Available,33.4%,26.8%,10.4%,4.1%,8.7%,Not Available,Not Available,13%,0.5%
CBOS,,2020-10-19,2020-10-29,National,1040,Provided,Not Available,0.1%,Not Available,Not Available,Not Available,Not Available,Not Available,Not Available,Not Available,Not Available,Not Available,31.3%,18.1%,6.9%,3.7%,8.1%,Not Available,Not Available,9.7%,22.2%
Instytut Badań Pollster,SE.pl,2020-10-27,2020-10-28,National,1022,Provided,Not Available,0.1%,Not Available,Not Available,Not Available,Not Available,Not Available,Not Available,Not Available,Not Available,Not Available,37.83%,31.57%,9.76%,5.12%,5.98%,Not Available,Not Available,8.35%,1.39%
PGB Opinium,,2020-10-26,2020-10-28,National,1100,Provided,Not Available,0.1%,Not Available,Not Available,Not Available,Not Available,Not Available,Not Available,Not Available,Not Available,Not Available,32.6%,25.5%,8.2%,4.1%,9.3%,Not Available,Not Available,12.8%,7.5%
Social Changes,wPolityce.pl,2020-10-23,2020-10-26,National,1060,Provided,Not Available,1%,Not Available,Not Available,Not Available,Not Available,Not Available,Not Available,Not Available,Not Available,Not Available,37%,26%,13%,6%,11%,Not Available,Not Available,Not Available,6%
Kantar Public,GW,2020-10-26,2020-10-27,National,1000,Provided,Not Available,0.1%,Not Available,Not Available,Not Available,Not Available,Not Available,Not Available,Not Available,Not Available,Not Available,29.9%,27.6%,9.2%,3.4%,9.2%,Not Available,Not Available,20.7%,10%
Estymator,DoRzeczy.pl,2020-10-22,2020-10-23,National,1021,Provided,Not Available,0.1%,Not Available,Not Available,Not Available,Not Available,Not Available,Not Available,Not Available,Not Available,Not Available,39.8%,27%,7%,4.3%,9.2%,Not Available,Not Available,12.2%,0.5%
IBRiS,Onet.pl,2020-10-20,2020-10-20,National,1100,Provided,Not Available,0.1%,Not Available,Not Available,Not Available,Not Available,Not Available,Not Available,Not Available,Not Available,Not Available,40.7%,29.5%,8.2%,4.2%,7.9%,Not Available,Not Available,9.6%,9.6%
Social Changes,wPolityce.pl,2020-10-16,2020-10-19,National,1069,Provided,Not Available,1%,Not Available,Not Available,Not Available,Not Available,Not Available,Not Available,Not Available,Not Available,Not Available,39%,26%,11%,7%,12%,Not Available,Not Available,Not Available,6%
IBRiS,WP.pl,2020-10-16,2020-10-16,National,1100,Provided,Not Available,0.1%,Not Available,Not Available,Not Available,Not Available,Not Available,Not Available,Not Available,Not Available,Not Available,36.1%,28.2%,6.4%,2.5%,7.8%,Not Available,Not Available,9.4%,9.6%
Social Changes,wPolityce.pl,2020-10-09,2020-10-12,National,1083,Provided,Not Available,1%,Not Available,Not Available,Not Available,Not Available,Not Available,Not Available,Not Available,Not Available,Not Available,36%,27%,14%,5%,12%,Not Available,Not Available,Not Available,6%
CBOS,,2020-09-28,2020-10-08,National,1133,Provided,Not Available,1%,Not Available,Not Available,Not Available,Not Available,Not Available,Not Available,Not Available,Not Available,Not Available,40%,16%,5%,3%,8%,Not Available,Not Available,8%,20%
Kantar Public,,2020-10-02,2020-10-07,National,977,Provided,Not Available,1%,Not Available,Not Available,Not Available,Not Available,Not Available,Not Available,Not Available,Not Available,Not Available,36%,28%,7%,4%,5%,Not Available,Not Available,9%,9%
Social Changes,wPolityce.pl,2020-10-02,2020-10-05,National,1076,Provided,Not Available,1%,Not Available,Not Available,Not Available,Not Available,Not Available,Not Available,Not Available,Not Available,Not Available,36%,20%,13%,4%,10%,Not Available,Not Available,15%,2%
Social Changes,wPolityce.pl,2020-10-02,2020-10-05,National,1076,Provided,Not Available,1%,Not Available,Not Available,Not Available,Not Available,Not Available,Not Available,Not Available,Not Available,Not Available,38%,24%,14%,6%,11%,Not Available,Not Available,Not Available,7%
IBRiS,WP.pl,2020-10-02,2020-10-02,National,1100,Provided,Not Available,0.1%,Not Available,Not Available,Not Available,Not Available,Not Available,Not Available,Not Available,Not Available,Not Available,41.6%,22.1%,7.2%,4.0%,7.5%,Not Available,Not Available,9.0%,8.5%
Social Changes,wPolityce.pl,2020-09-25,2020-09-28,National,1067,Provided,Not Available,1%,Not Available,Not Available,Not Available,Not Available,Not Available,Not Available,Not Available,Not Available,Not Available,42%,25%,11%,7%,9%,Not Available,Not Available,Not Available,4%
Estymator,DoRzeczy.pl,2020-09-25,2020-09-26,National,1014,Provided,Not Available,0.1%,Not Available,Not Available,Not Available,Not Available,Not Available,Not Available,Not Available,Not Available,Not Available,43.6%,29.2%,8.9%,6.8%,9.8%,Not Available,Not Available,Not Available,1.7%
Instytut Badań Pollster,SE.pl,2020-09-21,2020-09-22,National,1076,Provided,Not Available,0.1%,Not Available,Not Available,Not Available,Not Available,Not Available,Not Available,Not Available,Not Available,Not Available,39.3%,24.2%,8.3%,5.7%,8.5%,Not Available,Not Available,9.9%,4.1%
CBM Indicator,Rzeczpospolita,2020-09-21,2020-09-22,National,603,Provided,Not Available,0.1%,Not Available,Not Available,Not Available,Not Available,Not Available,Not Available,Not Available,Not Available,Not Available,36.3%,25.9%,7.5%,4.3%,8%,Not Available,Not Available,Not Available,12.9%
Social Changes,wPolityce.pl,2020-09-18,2020-09-21,National,1058,Provided,Not Available,1%,Not Available,Not Available,Not Available,Not Available,Not Available,Not Available,Not Available,Not Available,Not Available,40%,27%,15%,5%,9%,Not Available,Not Available,Not Available,4%
IBRiS,Rzeczpospolita,2020-09-19,2020-09-19,National,1100,Provided,Not Available,0.1%,Not Available,Not Available,Not Available,Not Available,Not Available,Not Available,Not Available,Not Available,Not Available,36.0%,21.8%,6.1%,3.4%,8.2%,Not Available,Not Available,9.2%,15.3%
United Survey,RMF,2020-09-18,2020-09-19,National,1000,Provided,Not Available,0.1%,Not Available,Not Available,Not Available,Not Available,Not Available,Not Available,Not Available,Not Available,Not Available,40.5%,23.3%,6.0%,5.0%,6.7%,Not Available,Not Available,9.1%,9.4%
IBRiS,WP.pl,2020-09-18,2020-09-18,National,1100,Provided,Not Available,0.1%,Not Available,Not Available,Not Available,Not Available,Not Available,Not Available,Not Available,Not Available,Not Available,40.9%,22.4%,5.4%,3.2%,8.1%,Not Available,Not Available,11.2%,8.8%
CBOS,,2020-09-07,2020-09-17,National,1149,Provided,Not Available,1%,Not Available,Not Available,Not Available,Not Available,Not Available,Not Available,Not Available,Not Available,Not Available,41%,22%,5%,3%,8%,Not Available,Not Available,Not Available,21%
Social Changes,wPolityce.pl,2020-09-11,2020-09-14,National,1055,Provided,Not Available,1%,Not Available,Not Available,Not Available,Not Available,Not Available,Not Available,Not Available,Not Available,Not Available,42%,26%,10%,7%,8%,Not Available,Not Available,Not Available,7%
Kantar Public,,2020-09-04,2020-09-09,National,977,Provided,Not Available,1%,Not Available,Not Available,Not Available,Not Available,Not Available,Not Available,Not Available,Not Available,Not Available,39%,26%,4%,4%,6%,Not Available,Not Available,11%,10%
Social Changes,wPolityce.pl,2020-09-04,2020-09-07,National,1095,Provided,Not Available,1%,Not Available,Not Available,Not Available,Not Available,Not Available,Not Available,Not Available,Not Available,Not Available,42%,25%,12%,6%,9%,Not Available,Not Available,Not Available,6%
IBRiS,WP.pl,2020-09-04,2020-09-05,National,1100,Provided,Not Available,0.1%,Not Available,Not Available,Not Available,Not Available,Not Available,Not Available,Not Available,Not Available,Not Available,41.3%,28.6%,6.7%,5.9%,8.4%,Not Available,Not Available,Not Available,9.1%
Social Changes,wPolityce.pl,2020-08-28,2020-08-31,National,1078,Provided,Not Available,1%,Not Available,Not Available,Not Available,Not Available,Not Available,Not Available,Not Available,Not Available,Not Available,42%,26%,11%,7%,8%,Not Available,Not Available,Not Available,6%
CBOS,,2020-08-18,2020-08-27,National,919,Estimated/Assumed,Not Available,0.1%,Not Available,Not Available,Not Available,Not Available,Not Available,Not Available,Not Available,Not Available,Not Available,44%,19%,4%,3%,8%,Not Available,Not Available,2.3%,19.7%
Social Changes,wPolityce.pl,2020-08-21,2020-08-24,National,1062,Provided,Not Available,1%,Not Available,Not Available,Not Available,Not Available,Not Available,Not Available,Not Available,Not Available,Not Available,41%,25%,13%,6%,9%,Not Available,Not Available,Not Available,6%
IBRiS,WP.pl,2020-08-21,2020-08-22,National,1100,Provided,Not Available,0.1%,Not Available,Not Available,Not Available,Not Available,Not Available,Not Available,Not Available,Not Available,Not Available,38.6%,23.8%,5.1%,5.4%,7.3%,Not Available,Not Available,8.4%,11.4%
United Survey,RMF,2020-08-21,2020-08-21,National,1100,Provided,Not Available,0.1%,Not Available,Not Available,Not Available,Not Available,Not Available,Not Available,Not Available,Not Available,Not Available,41.3%,22.5%,3.2%,2.4%,6.7%,Not Available,Not Available,7.1%,16.9%
Social Changes,wPolityce.pl,2020-08-14,2020-08-17,National,1078,Provided,Not Available,1%,Not Available,Not Available,Not Available,Not Available,Not Available,Not Available,Not Available,Not Available,Not Available,43%,26%,11%,6%,9%,Not Available,Not Available,Not Available,5%
Estymator,DoRzeczy.pl,2020-08-13,2020-08-14,National,1022,Provided,Not Available,0.1%,Not Available,Not Available,Not Available,Not Available,Not Available,Not Available,Not Available,Not Available,Not Available,44%,29.8%,9.6%,6.9%,8.5%,Not Available,Not Available,Not Available,1.2%
Kantar Public,,2020-08-07,2020-08-12,National,971,Provided,Not Available,1%,Not Available,Not Available,Not Available,Not Available,Not Available,Not Available,Not Available,Not Available,Not Available,38%,23%,6%,3%,4%,Not Available,Not Available,5%,21%
Social Changes,wPolityce.pl,2020-08-07,2020-08-10,National,1078,Provided,Not Available,1%,Not Available,Not Available,Not Available,Not Available,Not Available,Not Available,Not Available,Not Available,Not Available,43%,29%,11%,4%,8%,Not Available,Not Available,Not Available,5%
IBRiS,WP.pl,2020-08-06,2020-08-07,National,1100,Provided,Not Available,0.1%,Not Available,Not Available,Not Available,Not Available,Not Available,Not Available,Not Available,Not Available,Not Available,36.0%,31.0%,9.1%,5.0%,6.7%,Not Available,Not Available,Not Available,12.2%
Social Changes,wPolityce.pl,2020-07-31,2020-08-03,National,1081,Provided,Not Available,1%,Not Available,Not Available,Not Available,Not Available,Not Available,Not Available,Not Available,Not Available,Not Available,41%,30%,11%,6%,8%,Not Available,Not Available,Not Available,4%
IBRiS,KO,2020-07-29,2020-07-29,National,1100,Provided,Not Available,1%,Not Available,Not Available,Not Available,Not Available,Not Available,Not Available,Not Available,Not Available,Not Available,36%,33%,6%,5%,6%,Not Available,Not Available,Not Available,14%
Social Changes,wPolityce.pl,2020-07-24,2020-07-27,National,1062,Provided,Not Available,1%,Not Available,Not Available,Not Available,Not Available,Not Available,Not Available,Not Available,Not Available,Not Available,43%,29%,8%,7%,9%,Not Available,Not Available,Not Available,4%
IBRiS,WP.pl,2020-07-24,2020-07-25,National,1100,Provided,Not Available,0.1%,Not Available,Not Available,Not Available,Not Available,Not Available,Not Available,Not Available,Not Available,Not Available,39.2%,26.5%,9.8%,5.1%,9.3%,Not Available,Not Available,Not Available,10.1%
Estymator,DoRzeczy.pl,2020-07-23,2020-07-24,National,1034,Provided,Not Available,0.1%,Not Available,Not Available,Not Available,Not Available,Not Available,Not Available,Not Available,Not Available,Not Available,43.9%,30.8%,9.4%,6.5%,8.8%,Not Available,Not Available,Not Available,0.6%
Social Changes,wPolityce.pl,2020-07-21,2020-07-24,National,1062,Provided,Not Available,1%,Not Available,Not Available,Not Available,Not Available,Not Available,Not Available,Not Available,Not Available,Not Available,41%,25%,13%,6%,9%,Not Available,Not Available,Not Available,Not Available
Social Changes,wPolityce.pl,2020-07-17,2020-07-20,National,1076,Provided,Not Available,1%,Not Available,Not Available,Not Available,Not Available,Not Available,Not Available,Not Available,Not Available,Not Available,42%,28%,10%,5%,11%,Not Available,Not Available,Not Available,4%
United Survey,RMF,2020-07-18,2020-07-18,National,1100,Provided,Not Available,0.1%,Not Available,Not Available,Not Available,Not Available,Not Available,Not Available,Not Available,Not Available,Not Available,37.5%,29.1%,8.0%,5.4%,8.7%,Not Available,Not Available,Not Available,11.3%
IBRiS,Onet,2020-07-17,2020-07-18,National,1100,Provided,Not Available,0.1%,Not Available,Not Available,Not Available,Not Available,Not Available,Not Available,Not Available,Not Available,Not Available,39.7%,28.1%,9.9%,5.8%,8.0%,Not Available,Not Available,Not Available,8.6%
Instytut Badań Pollster,SE.pl,2020-07-08,2020-07-09,National,1058,Provided,Not Available,0.1%,Not Available,Not Available,Not Available,Not Available,Not Available,Not Available,Not Available,Not Available,Not Available,41.40%,23.02%,9.98%,4.24%,8.54%,Not Available,Not Available,Not Available,12.12%
IBRiS,Onet,2020-07-04,2020-07-04,National,1100,Provided,Not Available,0.1%,Not Available,Not Available,Not Available,Not Available,Not Available,Not Available,Not Available,Not Available,Not Available,38.0%,23.6%,7.3%,5.2%,7.3%,Not Available,Not Available,Not Available,11.9%
Social Changes,wPolityce.pl,2020-06-26,2020-06-27,National,1045,Provided,Not Available,1%,Not Available,Not Available,Not Available,Not Available,Not Available,Not Available,Not Available,Not Available,Not Available,42%,25%,14%,8%,9%,Not Available,Not Available,Not Available,2%
IBSP,,2020-06-25,2020-06-26,National,1092,Provided,Not Available,0.1%,Not Available,Not Available,Not Available,Not Available,Not Available,Not Available,Not Available,Not Available,Not Available,43.85%,30.94%,8.88%,6.15%,9.75%,Not Available,Not Available,Not Available,0.43%
CBOS,,2020-06-15,2020-06-25,National,1378,Provided,Not Available,1%,Not Available,Not Available,Not Available,Not Available,Not Available,Not Available,Not Available,Not Available,Not Available,44%,24%,7%,4%,6%,Not Available,Not Available,Not Available,15%
IPSOS,OKO,2020-06-22,2020-06-23,National,1017,Provided,Not Available,1%,Not Available,Not Available,Not Available,Not Available,Not Available,Not Available,Not Available,Not Available,Not Available,35%,23%,9%,8%,10%,Not Available,Not Available,Not Available,16%
Social Changes,wPolityce.pl,2020-06-19,2020-06-23,National,1066,Provided,Not Available,1%,Not Available,Not Available,Not Available,Not Available,Not Available,Not Available,Not Available,Not Available,Not Available,40%,30%,13%,7%,8%,Not Available,Not Available,Not Available,2%
Estymator,DoRzeczy.pl,2020-06-18,2020-06-19,National,1017,Provided,Not Available,0.1%,Not Available,Not Available,Not Available,Not Available,Not Available,Not Available,Not Available,Not Available,Not Available,42.8%,28.4%,9.6%,10.4%,7.5%,Not Available,Not Available,Not Available,0.3%
Instytut Badań Pollster,SE.pl,2020-06-16,2020-06-17,National,1047,Provided,Not Available,0.1%,Not Available,Not Available,Not Available,Not Available,Not Available,Not Available,Not Available,Not Available,Not Available,41.3%,29.6%,10.7%,9.1%,8.8%,Not Available,Not Available,Not Available,0.5%
IPSOS,OKO,2020-06-15,2020-06-16,National,1017,Provided,Not Available,1%,Not Available,Not Available,Not Available,Not Available,Not Available,Not Available,Not Available,Not Available,Not Available,37%,24%,10%,6%,10%,Not Available,Not Available,Not Available,13%
Social Changes,wPolityce.pl,2020-06-12,2020-06-16,National,1065,Provided,Not Available,1%,Not Available,Not Available,Not Available,Not Available,Not Available,Not Available,Not Available,Not Available,Not Available,39%,28%,13%,9%,8%,Not Available,Not Available,Not Available,3%
Kantar Public,,2020-06-05,2020-06-10,National,986,Provided,Not Available,1%,Not Available,Not Available,Not Available,Not Available,Not Available,Not Available,Not Available,Not Available,Not Available,37%,31%,7%,7%,7%,Not Available,Not Available,Not Available,10%
Instytut Badań Pollster,SE.pl,2020-06-09,2020-06-10,National,1091,Provided,Not Available,0.1%,Not Available,Not Available,Not Available,Not Available,Not Available,Not Available,Not Available,Not Available,Not Available,42.2%,26.5%,11.4%,8.9%,9.7%,Not Available,Not Available,Not Available,1.3%
Social Changes,wPolityce.pl,2020-06-05,2020-06-09,National,1069,Provided,Not Available,1%,Not Available,Not Available,Not Available,Not Available,Not Available,Not Available,Not Available,Not Available,Not Available,42%,26%,13%,9%,8%,Not Available,Not Available,Not Available,2%
Kantar Public,PO,2020-06-08,2020-06-08,National,1000,Provided,Not Available,1%,Not Available,Not Available,Not Available,Not Available,Not Available,Not Available,Not Available,Not Available,Not Available,36%,29%,8%,5%,10%,Not Available,Not Available,Not Available,12%
Estymator,DoRzeczy.pl,2020-06-03,2020-06-04,National,1022,Provided,Not Available,0.1%,Not Available,Not Available,Not Available,Not Available,Not Available,Not Available,Not Available,Not Available,Not Available,42.6%,27.4%,10.1%,11.4%,7.2%,Not Available,Not Available,Not Available,1.3%
CBOS,,2020-05-22,2020-06-04,National,1308,Provided,Not Available,1%,Not Available,Not Available,Not Available,Not Available,Not Available,Not Available,Not Available,Not Available,Not Available,46%,20%,5%,5%,6%,Not Available,Not Available,Not Available,18%
Social Changes,wPolityce.pl,2020-05-29,2020-06-02,National,1058,Provided,Not Available,1%,Not Available,Not Available,Not Available,Not Available,Not Available,Not Available,Not Available,Not Available,Not Available,43%,24%,13%,8%,9%,Not Available,Not Available,Not Available,3%
IBRiS,Rzeczpospolita,2020-05-29,2020-05-29,National,1100,Provided,Not Available,0.1%,Not Available,Not Available,Not Available,Not Available,Not Available,Not Available,Not Available,Not Available,Not Available,41.0%,24.3%,9.0%,11.2%,7.5%,Not Available,Not Available,Not Available,7.0%
Instytut Badań Pollster,SE.pl,2020-05-26,2020-05-27,National,1038,Provided,Not Available,0.1%,Not Available,Not Available,Not Available,Not Available,Not Available,Not Available,Not Available,Not Available,Not Available,39.9%,26.0%,14.1%,9.4%,9.5%,Not Available,Not Available,Not Available,1.1%
Social Changes,wPolityce.pl,2020-05-22,2020-05-25,National,1056,Provided,Not Available,1%,Not Available,Not Available,Not Available,Not Available,Not Available,Not Available,Not Available,Not Available,Not Available,42%,24%,14%,9%,9%,Not Available,Not Available,Not Available,2%
Instytut Badań Pollster,,2020-05-15,2020-05-17,National,1089,Provided,Not Available,0.1%,Not Available,Not Available,Not Available,Not Available,Not Available,Not Available,Not Available,Not Available,Not Available,38.5%,24.5%,13.6%,12.6%,9%,Not Available,Not Available,Not Available,1.8%
IBRiS,WP.pl,2020-05-22,2020-05-23,National,1100,Provided,Not Available,0.1%,Not Available,Not Available,Not Available,Not Available,Not Available,Not Available,Not Available,Not Available,Not Available,40.3%,23.4%,8.1%,13.4%,6.6%,Not Available,Not Available,Not Available,8.2%
Estymator,DoRzeczy.pl,2020-05-21,2020-05-22,National,1100,Provided,Not Available,0.1%,Not Available,Not Available,Not Available,Not Available,Not Available,Not Available,Not Available,Not Available,Not Available,41.9%,26.1%,11.6%,11.9%,6.6%,Not Available,Not Available,Not Available,1.9%
Kantar Public,,2020-05-18,2020-05-19,National,954,Provided,Not Available,1%,Not Available,Not Available,Not Available,Not Available,Not Available,Not Available,Not Available,Not Available,Not Available,37%,23%,8%,7%,11%,Not Available,Not Available,Not Available,14%
Social Changes,wPolityce.pl,2020-05-11,2020-05-18,National,1062,Provided,Not Available,1%,Not Available,Not Available,Not Available,Not Available,Not Available,Not Available,Not Available,Not Available,Not Available,47%,21%,14%,8%,7%,Not Available,Not Available,Not Available,3%
Estymator,DoRzeczy.pl,2020-05-14,2020-05-15,National,1025,Provided,Not Available,0.1%,Not Available,Not Available,Not Available,Not Available,Not Available,Not Available,Not Available,Not Available,Not Available,45.8%,17.3%,12.8%,14.1%,8.9%,Not Available,Not Available,Not Available,1.1%
Kantar Public,KO,2020-05-14,2020-05-14,National,1000,Provided,Not Available,0.1%,Not Available,Not Available,Not Available,Not Available,Not Available,Not Available,Not Available,Not Available,Not Available,41.1%,29.7%,10.3%,8.0%,9.7%,Not Available,Not Available,Not Available,1.2%
Social Changes,wPolityce.pl,2020-05-12,2020-05-14,National,1070,Provided,Not Available,1%,Not Available,Not Available,Not Available,Not Available,Not Available,Not Available,Not Available,Not Available,Not Available,47%,18%,12%,11%,9%,Not Available,Not Available,Not Available,3%
IBRiS,Onet,2020-05-08,2020-05-09,National,1100,Provided,Not Available,0.1%,Not Available,Not Available,Not Available,Not Available,Not Available,Not Available,Not Available,Not Available,Not Available,37.7%,15.6%,8.2%,12.8%,8.7%,Not Available,Not Available,Not Available,17.0%
Kantar Public,KO,2020-05-08,2020-05-08,National,1000,Provided,Not Available,0.1%,Not Available,Not Available,Not Available,Not Available,Not Available,Not Available,Not Available,Not Available,Not Available,39.3%,28.5%,13.0%,9.4%,8.9%,Not Available,Not Available,Not Available,0.9%
Social Changes,wPolityce.pl,2020-05-06,2020-05-07,National,1073,Provided,Not Available,1%,Not Available,Not Available,Not Available,Not Available,Not Available,Not Available,Not Available,Not Available,Not Available,52%,17%,12%,8%,10%,Not Available,Not Available,Not Available,1%
IBRiS,ZET,2020-05-04,2020-05-04,National,1100,Provided,Not Available,0.1%,Not Available,Not Available,Not Available,Not Available,Not Available,Not Available,Not Available,Not Available,Not Available,40.5%,16.4%,8.2%,10.3%,8.7%,Not Available,Not Available,Not Available,15.9%
Instytut Badań Pollster,SE.pl,2020-04-30,2020-05-04,National,1109,Provided,Not Available,0.1%,Not Available,Not Available,Not Available,Not Available,Not Available,Not Available,Not Available,Not Available,Not Available,40.2%,23.7%,14.7%,11.0%,9.4%,Not Available,Not Available,Not Available,1.0%
IPSOS,OKO,2020-04-27,2020-04-29,National,1016,Provided,Not Available,1%,Not Available,Not Available,Not Available,Not Available,Not Available,Not Available,Not Available,Not Available,Not Available,38%,16%,10%,8%,8%,Not Available,Not Available,Not Available,20%
Social Changes,wPolityce.pl,2020-04-24,2020-04-27,National,1081,Provided,Not Available,1%,Not Available,Not Available,Not Available,Not Available,Not Available,Not Available,Not Available,Not Available,Not Available,52%,17%,12%,8%,9%,Not Available,Not Available,Not Available,Not Available
Estymator,DoRzeczy.pl,2020-04-23,2020-04-24,National,1018,Provided,Not Available,0.1%,Not Available,Not Available,Not Available,Not Available,Not Available,Not Available,Not Available,Not Available,Not Available,42.7%,19.7%,14.4%,15.8%,7.2%,Not Available,Not Available,Not Available,0.2%
IPSOS,OKO,2020-02-20,2020-02-22,National,1013,Provided,Not Available,1%,Not Available,Not Available,Not Available,Not Available,Not Available,Not Available,Not Available,Not Available,Not Available,38%,26%,13%,7%,8%,Not Available,Not Available,Not Available,8%
Social Changes,wPolityce.pl,2020-04-17,2020-04-20,National,1063,Provided,Not Available,1%,Not Available,Not Available,Not Available,Not Available,Not Available,Not Available,Not Available,Not Available,Not Available,53%,17%,12%,7%,10%,Not Available,Not Available,Not Available,1%
Kantar Public,,2020-04-16,2020-04-17,National,954,Provided,Not Available,1%,Not Available,Not Available,Not Available,Not Available,Not Available,Not Available,Not Available,Not Available,Not Available,36%,21%,11%,12%,8%,Not Available,Not Available,Not Available,12%
Social Changes,wpolityce.pl,2020-04-10,2020-04-13,National,1060,Provided,Not Available,1%,Not Available,Not Available,Not Available,Not Available,Not Available,Not Available,Not Available,Not Available,Not Available,52%,15%,11%,8%,11%,Not Available,Not Available,Not Available,3%
Estymator,DoRzeczy.pl,2020-04-08,2020-04-09,National,1023,Provided,Not Available,0.1%,Not Available,Not Available,Not Available,Not Available,Not Available,Not Available,Not Available,Not Available,Not Available,45.4%,20.4%,15.9%,12.6%,5.4%,Not Available,Not Available,Not Available,0.3%
Instytut Badań Pollster,SE.pl,2020-04-06,2020-04-07,National,1054,Provided,Not Available,0.1%,Not Available,Not Available,Not Available,Not Available,Not Available,Not Available,Not Available,Not Available,Not Available,44.0%,22.4%,15.7%,8.7%,7.7%,Not Available,Not Available,Not Available,1.5%
Social Changes,wpolityce.pl,2020-04-03,2020-04-06,National,1064,Provided,Not Available,1%,Not Available,Not Available,Not Available,Not Available,Not Available,Not Available,Not Available,Not Available,Not Available,49%,18%,14%,10%,9%,Not Available,Not Available,Not Available,0%
IBSP,wp.pl,2020-03-31,2020-04-02,National,1002,Provided,Not Available,0.1%,Not Available,Not Available,Not Available,Not Available,Not Available,Not Available,Not Available,Not Available,Not Available,42.0%,27.1%,12.5%,6.9%,8.7%,Not Available,Not Available,Not Available,0.1%
Social Changes,wpolityce.pl,2020-03-27,2020-03-30,National,1062,Provided,Not Available,1%,Not Available,Not Available,Not Available,Not Available,Not Available,Not Available,Not Available,Not Available,Not Available,51%,21%,12%,7%,8%,Not Available,Not Available,Not Available,1%
Estymator,DoRzeczy.pl,2020-03-25,2020-03-26,National,1032,Provided,Not Available,0.1%,Not Available,Not Available,Not Available,Not Available,Not Available,Not Available,Not Available,Not Available,Not Available,44.3%,22.9%,15.0%,12.3%,5.2%,Not Available,Not Available,Not Available,0.3%
Social Changes,wpolityce.pl,2020-03-20,2020-03-23,National,1055,Provided,Not Available,1%,Not Available,Not Available,Not Available,Not Available,Not Available,Not Available,Not Available,Not Available,Not Available,44%,24%,16%,8%,8%,Not Available,Not Available,Not Available,0%
Instytut Badań Pollster,SE.pl,2020-03-17,2020-03-18,National,1077,Provided,Not Available,0.1%,Not Available,Not Available,Not Available,Not Available,Not Available,Not Available,Not Available,Not Available,Not Available,41.9%,23.8%,15.4%,10.2%,8.2%,Not Available,Not Available,Not Available,0.5%
Social Changes,wpolityce.pl,2020-03-13,2020-03-17,National,1065,Provided,Not Available,1%,Not Available,Not Available,Not Available,Not Available,Not Available,Not Available,Not Available,Not Available,Not Available,40%,26%,17%,10%,7%,Not Available,Not Available,Not Available,0%
CBOS,,2020-03-05,2020-03-15,National,919,Provided,Not Available,1%,Not Available,Not Available,Not Available,Not Available,Not Available,Not Available,Not Available,Not Available,Not Available,49%,21%,8%,7%,7%,Not Available,Not Available,Not Available,8%
Estymator,DoRzeczy.pl,2020-03-12,2020-03-13,National,1028,Provided,Not Available,0.1%,Not Available,Not Available,Not Available,Not Available,Not Available,Not Available,Not Available,Not Available,Not Available,42.0%,25.3%,15.2%,10.3%,6.5%,Not Available,Not Available,Not Available,0.7%
IBSP,wp.pl,2020-03-10,2020-03-13,National,1002,Provided,Not Available,0.1%,Not Available,Not Available,Not Available,Not Available,Not Available,Not Available,Not Available,Not Available,Not Available,47.6%,21.9%,12.4%,8.1%,9.8%,Not Available,Not Available,Not Available,0.2%
Kantar Public,,2020-03-06,2020-03-11,National,981,Provided,Not Available,1%,Not Available,Not Available,Not Available,Not Available,Not Available,Not Available,Not Available,Not Available,Not Available,41%,28%,10%,7%,5%,Not Available,Not Available,Not Available,9%
Social Changes,wpolityce.pl,2020-03-06,2020-03-10,National,1063,Provided,Not Available,1%,Not Available,Not Available,Not Available,Not Available,Not Available,Not Available,Not Available,Not Available,Not Available,45%,24%,15%,9%,7%,Not Available,Not Available,Not Available,0%
Social Changes,wpolityce.pl,2020-02-28,2020-03-02,National,1052,Provided,Not Available,1%,Not Available,Not Available,Not Available,Not Available,Not Available,Not Available,Not Available,Not Available,Not Available,41%,26%,18%,7%,8%,Not Available,Not Available,Not Available,0%
Estymator,DoRzeczy.pl,2020-02-27,2020-02-28,National,1031,Provided,Not Available,0.1%,Not Available,Not Available,Not Available,Not Available,Not Available,Not Available,Not Available,Not Available,Not Available,41.7%,28.6%,13.4%,9.6%,6.2%,Not Available,Not Available,Not Available,0.5%
Instytut Badań Pollster,SE.pl,2020-02-24,2020-02-26,National,1097,Provided,Not Available,0.1%,Not Available,Not Available,Not Available,Not Available,Not Available,Not Available,Not Available,Not Available,Not Available,41.4%,25.1%,14.4%,9.8%,8.3%,Not Available,Not Available,Not Available,1.0%
Social Changes,wpolityce.pl,2020-02-21,2020-02-24,National,1090,Provided,Not Available,1%,Not Available,Not Available,Not Available,Not Available,Not Available,Not Available,Not Available,Not Available,Not Available,41%,25%,16%,8%,9%,Not Available,Not Available,Not Available,1%
IBSP,wp.pl,2020-02-18,2020-02-20,National,1000,Provided,Not Available,0.1%,Not Available,Not Available,Not Available,Not Available,Not Available,Not Available,Not Available,Not Available,Not Available,38.4%,30.9%,13.4%,7.9%,9.0%,Not Available,Not Available,Not Available,0.4%
Social Changes,wpolityce.pl,2020-02-14,2020-02-18,National,1053,Provided,Not Available,1%,Not Available,Not Available,Not Available,Not Available,Not Available,Not Available,Not Available,Not Available,Not Available,39%,25%,16%,11%,9%,Not Available,Not Available,Not Available,0%
CBOS,,2020-02-06,2020-02-16,National,994,Provided,Not Available,1%,Not Available,Not Available,Not Available,Not Available,Not Available,Not Available,Not Available,Not Available,Not Available,44%,24%,9%,5%,6%,Not Available,Not Available,Not Available,12%
Estymator,DoRzeczy.pl,2020-02-12,2020-02-13,National,1009,Provided,Not Available,0.1%,Not Available,Not Available,Not Available,Not Available,Not Available,Not Available,Not Available,Not Available,Not Available,40.6%,29.8%,13.2%,9.3%,6.4%,Not Available,Not Available,Not Available,0.7%
Kantar Public,TVN,2020-02-07,2020-02-12,National,969,Provided,Not Available,1%,Not Available,Not Available,Not Available,Not Available,Not Available,Not Available,Not Available,Not Available,Not Available,41%,26%,10%,7%,4%,Not Available,Not Available,Not Available,12%
Social Changes,wpolityce.pl,2020-02-07,2020-02-11,National,1085,Provided,Not Available,1%,Not Available,Not Available,Not Available,Not Available,Not Available,Not Available,Not Available,Not Available,Not Available,42%,25%,15%,8%,8%,Not Available,Not Available,Not Available,2%
IBRiS,DoRzeczy.pl,2020-02-07,2020-02-08,National,1100,Provided,Not Available,1%,Not Available,Not Available,Not Available,Not Available,Not Available,Not Available,Not Available,Not Available,Not Available,39%,30%,17%,8%,7%,Not Available,Not Available,Not Available,0%
Social Changes,wpolityce.pl,2020-02-01,2020-02-04,National,1080,Provided,Not Available,1%,Not Available,Not Available,Not Available,Not Available,Not Available,Not Available,Not Available,Not Available,Not Available,39%,28%,15%,9%,7%,Not Available,Not Available,Not Available,2%
Kantar Public,TVN,2020-01-29,2020-01-30,National,1000,Provided,62.6%,1%,Not Available,Not Available,Not Available,Not Available,Not Available,Not Available,Not Available,Not Available,Not Available,35%,30%,13%,7%,7%,Not Available,Not Available,Not Available,8%
Social Changes,wpolityce.pl,2020-01-23,2020-01-27,National,1062,Provided,Not Available,1%,Not Available,Not Available,Not Available,Not Available,Not Available,Not Available,Not Available,Not Available,Not Available,39%,27%,17%,9%,7%,Not Available,Not Available,Not Available,1%
IBRiS,Radio ZET,2020-01-24,2020-01-25,National,1100,Provided,Not Available,1%,Not Available,Not Available,Not Available,Not Available,Not Available,Not Available,Not Available,Not Available,Not Available,38%,26%,15%,7%,6%,Not Available,Not Available,Not Available,8%
Estymator,DoRzeczy.pl,2020-01-23,2020-01-24,National,1027,Provided,64.0%,0.1%,Not Available,Not Available,Not Available,Not Available,Not Available,Not Available,Not Available,Not Available,Not Available,43.5%,29.7%,11.8%,8.7%,5.9%,Not Available,Not Available,Not Available,0.4%
Instytut Badań Pollster,SE.pl,2020-01-22,2020-01-23,National,1091,Provided,Not Available,0.1%,Not Available,Not Available,Not Available,Not Available,Not Available,Not Available,Not Available,Not Available,Not Available,40.5%,27.4%,14.7%,8.3%,8.5%,Not Available,Not Available,Not Available,0.7%
Social Changes,wpolityce.pl,2020-01-17,2020-01-21,National,1054,Provided,Not Available,1%,Not Available,Not Available,Not Available,Not Available,Not Available,Not Available,Not Available,Not Available,Not Available,41%,26%,17%,7%,8%,Not Available,Not Available,Not Available,1%
IBSP,wpolityce.pl,2020-01-14,2020-01-16,National,1001,Provided,Not Available,0.1%,Not Available,Not Available,Not Available,Not Available,Not Available,Not Available,Not Available,Not Available,Not Available,37.8%,31.3%,13.3%,7.4%,9.7%,Not Available,Not Available,Not Available,0.5%
Instytut Badań Pollster,SE.pl,2020-01-14,2020-01-16,National,1075,Provided,Not Available,0.1%,Not Available,Not Available,Not Available,Not Available,Not Available,Not Available,Not Available,Not Available,Not Available,41.1%,27.5%,14.5%,8.5%,8.1%,Not Available,Not Available,Not Available,0.3%
Social Changes,wpolityce.pl,2020-01-10,2020-01-14,National,1057,Provided,Not Available,1%,Not Available,Not Available,Not Available,Not Available,Not Available,Not Available,Not Available,Not Available,Not Available,42%,23%,18%,8%,8%,Not Available,Not Available,Not Available,1%
CBOS,,2020-01-09,2020-01-16,National,1069,Provided,78.0%,0.1%,Not Available,Not Available,Not Available,Not Available,Not Available,Not Available,Not Available,Not Available,Not Available,49%,25.8%,11.2%,7.9%,5.6%,Not Available,Not Available,Not Available,0%
Kantar Public,TVN,2020-01-09,2020-01-15,National,984,Provided,71.0%,1%,Not Available,Not Available,Not Available,Not Available,Not Available,Not Available,Not Available,Not Available,Not Available,38%,28%,13%,6%,3%,Not Available,Not Available,Not Available,12%
IBRiS,Radio ZET,2020-01-10,2020-01-11,National,1100,Provided,Not Available,0.1%,Not Available,Not Available,Not Available,Not Available,Not Available,Not Available,Not Available,Not Available,Not Available,37.3%,26.9%,12.9%,4.7%,5.0%,Not Available,Not Available,Not Available,13.2%
Estymator,DoRzeczy.pl,2020-01-09,2020-01-10,National,1018,Provided,65.0%,0.1%,Not Available,Not Available,Not Available,Not Available,Not Available,Not Available,Not Available,Not Available,Not Available,45.4%,28.2%,10.5%,8.6%,6.4%,Not Available,Not Available,Not Available,0.9%
Social Changes,wpolityce.pl,2020-01-03,2020-01-07,National,1033,Provided,Not Available,1%,Not Available,Not Available,Not Available,Not Available,Not Available,Not Available,Not Available,Not Available,Not Available,41%,24%,16%,10%,8%,Not Available,Not Available,Not Available,1%
Social Changes,wpolityce.pl,2019-12-27,2019-12-31,National,1042,Provided,Not Available,1%,Not Available,Not Available,Not Available,Not Available,Not Available,Not Available,Not Available,Not Available,Not Available,41%,23%,17%,8%,9%,Not Available,Not Available,Not Available,2%
Instytut Badań Pollster,,2019-12-20,2019-12-22,National,1060,Provided,Not Available,0.1%,Not Available,Not Available,Not Available,Not Available,Not Available,Not Available,Not Available,Not Available,Not Available,43.5%,25.5%,14.4%,8.1%,8.0%,Not Available,Not Available,Not Available,0.5%
Social Changes,wpolityce.pl,2019-12-20,2019-12-24,National,1044,Provided,Not Available,1%,Not Available,Not Available,Not Available,Not Available,Not Available,Not Available,Not Available,Not Available,Not Available,41%,23%,17%,8%,9%,Not Available,Not Available,Not Available,2%
IBSP,,2019-12-22,2019-12-22,National,1000,Estimated/Assumed,Not Available,0.1%,Not Available,Not Available,Not Available,Not Available,Not Available,Not Available,Not Available,Not Available,Not Available,39.1%,27.9%,16.1%,7.0%,9.8%,Not Available,Not Available,Not Available,0.1%
IBRiS,Radio ZET,2019-12-19,2019-12-20,National,1100,Provided,Not Available,0.1%,Not Available,Not Available,Not Available,Not Available,Not Available,Not Available,Not Available,Not Available,Not Available,44.1%,29.7%,11.0%,8.3%,6.8%,Not Available,Not Available,Not Available,0.1%
Estymator,DoRzeczy.pl,2019-12-19,2019-12-20,National,1021,Provided,64.0%,0.1%,Not Available,Not Available,Not Available,Not Available,Not Available,Not Available,Not Available,Not Available,Not Available,44.2%,27.9%,11.8%,8.8%,6.6%,Not Available,Not Available,Not Available,0.7%
Kantar Public,TVN,2019-12-17,2019-12-18,National,1003,Provided,59.0%,1%,Not Available,Not Available,Not Available,Not Available,Not Available,Not Available,Not Available,Not Available,Not Available,44%,29%,13%,7%,7%,Not Available,Not Available,Not Available,0%
Social Changes,wpolityce.pl,2019-12-13,2019-12-17,National,1029,Provided,Not Available,1%,Not Available,Not Available,Not Available,Not Available,Not Available,Not Available,Not Available,Not Available,Not Available,40%,23%,18%,10%,7%,1%,Not Available,Not Available,1%
Kantar Public,WO,2019-12-06,2019-12-11,National,971,Provided,66.0%,1%,Not Available,Not Available,Not Available,Not Available,Not Available,Not Available,Not Available,Not Available,Not Available,43%,29%,12%,9%,7%,Not Available,Not Available,Not Available,0%
Social Changes,wpolityce.pl,2019-12-06,2019-12-10,National,1037,Provided,Not Available,1%,Not Available,Not Available,Not Available,Not Available,Not Available,Not Available,Not Available,Not Available,Not Available,40%,22%,19%,10%,8%,Not Available,Not Available,Not Available,1%
IBRiS,Radio ZET,2019-12-06,2019-12-07,National,1100,Provided,Not Available,0.1%,Not Available,Not Available,Not Available,Not Available,Not Available,Not Available,Not Available,Not Available,Not Available,41.7%,29.8%,13.1%,6.0%,8.3%,Not Available,Not Available,Not Available,0%
CBOS,,2019-11-28,2019-12-05,National,971,Provided,Not Available,0.1%,Not Available,Not Available,Not Available,Not Available,Not Available,Not Available,Not Available,Not Available,Not Available,50%,24.4%,12.2%,6.7%,6.7%,Not Available,Not Available,Not Available,0%
Social Changes,wpolityce.pl,2019-11-28,2019-12-03,National,1028,Provided,Not Available,1%,Not Available,Not Available,Not Available,Not Available,Not Available,Not Available,Not Available,Not Available,Not Available,40%,24%,16%,9%,9%,Not Available,Not Available,Not Available,1%
Kantar Public,PO,2019-11-29,2019-11-30,National,1000,Estimated/Assumed,Not Available,1%,Not Available,Not Available,Not Available,Not Available,Not Available,Not Available,Not Available,Not Available,Not Available,35%,28%,14%,9%,12%,Not Available,Not Available,Not Available,2%
Instytut Badań Pollster,Super Express,2019-11-27,2019-11-27,National,1000,Estimated/Assumed,Not Available,0.1%,Not Available,Not Available,Not Available,Not Available,Not Available,Not Available,Not Available,Not Available,Not Available,44.6%,23.3%,14.9%,7.8%,8.4%,Not Available,Not Available,Not Available,0.9%
Social Changes,wpolityce.pl,2019-11-22,2019-11-26,National,1037,Provided,Not Available,1%,Not Available,Not Available,Not Available,Not Available,Not Available,Not Available,Not Available,Not Available,Not Available,40%,24%,18%,10%,6%,Not Available,Not Available,Not Available,2.0%
IBRiS,Radio ZET,2019-11-22,2019-11-23,National,1100,Provided,Not Available,0.1%,Not Available,Not Available,Not Available,Not Available,Not Available,Not Available,Not Available,Not Available,Not Available,39.6%,24.8%,12.8%,6.0%,6.2%,Not Available,Not Available,Not Available,10.6%
Kantar Public,,2019-11-15,2019-11-20,National,972,Provided,Not Available,1%,Not Available,Not Available,Not Available,Not Available,Not Available,Not Available,Not Available,Not Available,Not Available,38%,27%,10%,7%,6%,Not Available,Not Available,Not Available,12%
Social Changes,wpolityce.pl,2019-11-15,2019-11-19,National,1029,Provided,Not Available,1%,Not Available,Not Available,Not Available,Not Available,Not Available,Not Available,Not Available,Not Available,Not Available,40%,25%,17%,8%,9%,Not Available,Not Available,Not Available,1.0%
CBOS,,2019-11-07,2019-11-17,National,996,Provided,Not Available,1%,Not Available,Not Available,Not Available,Not Available,Not Available,Not Available,Not Available,Not Available,Not Available,46%,20%,12%,9%,6%,Not Available,Not Available,Not Available,7%
Social Changes,wpolityce.pl,2019-11-08,2019-11-12,National,1028,Provided,Not Available,1%,Not Available,Not Available,Not Available,Not Available,Not Available,Not Available,Not Available,Not Available,Not Available,42%,25%,15%,9%,8%,Not Available,Not Available,Not Available,1.0%
Kantar Public,TVN,2019-11-05,2019-11-12,National,1502,Provided,Not Available,1%,Not Available,Not Available,Not Available,Not Available,Not Available,Not Available,Not Available,Not Available,Not Available,38%,27%,14%,7%,9%,Not Available,Not Available,Not Available,5%
Instytut Badań Pollster,Super Express,2019-11-05,2019-11-06,National,1099,Provided,Not Available,0.1%,Not Available,Not Available,Not Available,Not Available,Not Available,Not Available,Not Available,Not Available,Not Available,46.4%,25.0%,12.7%,8.8%,5.7%,Not Available,Not Available,Not Available,1.4%
Social Changes,wpolityce.pl,2019-11-01,2019-11-05,National,1033,Provided,Not Available,1%,Not Available,Not Available,Not Available,Not Available,Not Available,Not Available,Not Available,Not Available,Not Available,43%,24%,17%,8%,7%,Not Available,Not Available,Not Available,1.0%
CBM Indicator,TVP,2019-10-31,2019-11-04,National,1000,Provided,Not Available,0.1%,Not Available,Not Available,Not Available,Not Available,Not Available,Not Available,Not Available,Not Available,Not Available,44.0%,26.1%,14.4%,8.8%,6.2%,Not Available,Not Available,Not Available,0.5%
Social Changes,wpolityce.pl,2019-10-25,2019-10-30,National,1040,Provided,Not Available,0.1%,Not Available,Not Available,Not Available,Not Available,Not Available,Not Available,Not Available,Not Available,Not Available,41.1%,24.9%,15.9%,9.8%,8.3%,Not Available,Not Available,Not Available,0.0%
Ipsos,OKO,2019-10-21,2019-10-23,National,1004,Provided,Not Available,1%,Not Available,Not Available,Not Available,Not Available,Not Available,Not Available,Not Available,Not Available,Not Available,41%,23%,15%,9%,7%,1%,Not Available,Not Available,4%
IBRiS,Radio ZET,2019-10-18,2019-10-19,National,1100,Provided,Not Available,0.1%,Not Available,Not Available,Not Available,Not Available,Not Available,Not Available,Not Available,Not Available,Not Available,41.3%,21.7%,12.3%,7.1%,6.5%,Not Available,Not Available,Not Available,11.1%
Kantar Public,TVN,2019-10-11,2019-10-16,National,986,Provided,Not Available,1%,Not Available,Not Available,Not Available,Not Available,Not Available,Not Available,Not Available,Not Available,Not Available,39%,27%,14%,7%,7%,Not Available,Not Available,Not Available,6%
IBRiS,RMF,2019-10-11,2019-10-11,National,1100,Provided,Not Available,0.1%,Not Available,Not Available,Not Available,Not Available,Not Available,Not Available,Not Available,Not Available,Not Available,42.0%,22.3%,14.0%,5.9%,4.7%,Not Available,Not Available,Not Available,11.1%
IBSP,,2019-10-10,2019-10-11,National,1002,Provided,Not Available,0.1%,Not Available,Not Available,Not Available,Not Available,Not Available,Not Available,Not Available,Not Available,Not Available,42.1%,27.0%,15.7%,6.3%,8.6%,Not Available,Not Available,Not Available,Not Available
Estymator,DoRzeczy.pl,2019-10-09,2019-10-10,National,1007,Provided,Not Available,0.1%,Not Available,Not Available,Not Available,Not Available,Not Available,Not Available,Not Available,Not Available,Not Available,48.2%,25.3%,14.1%,6.8%,4.9%,Not Available,Not Available,Not Available,Not Available
Instytut Badań Pollster,Super Express,2019-10-09,2019-10-10,National,1059,Provided,Not Available,0.1%,Not Available,Not Available,Not Available,Not Available,Not Available,Not Available,Not Available,Not Available,Not Available,45.4%,27.2%,14.3%,7.0%,4.7%,Not Available,Not Available,Not Available,1.4%
Kantar Public,TVN,2019-10-09,2019-10-10,National,1503,Provided,Not Available,1%,Not Available,Not Available,Not Available,Not Available,Not Available,Not Available,Not Available,Not Available,Not Available,40%,26%,12%,7%,7%,0%,Not Available,Not Available,8%
CBM Indicator,TVP,2019-10-09,2019-10-10,National,1000,Estimated/Assumed,Not Available,0.1%,Not Available,Not Available,Not Available,Not Available,Not Available,Not Available,Not Available,Not Available,Not Available,47.2%,27.0%,13.4%,7.3%,5.2%,Not Available,Not Available,Not Available,Not Available
Social Changes,wpolityce.pl,2019-10-04,2019-10-10,National,1010,Provided,Not Available,0.1%,Not Available,Not Available,Not Available,Not Available,Not Available,Not Available,Not Available,Not Available,Not Available,47.3%,24.4%,16.2%,6.1%,6.0%,Not Available,Not Available,Not Available,0.0%
CBOS,,2019-10-03,2019-10-10,National,1013,Provided,Not Available,1%,Not Available,Not Available,Not Available,Not Available,Not Available,Not Available,Not Available,Not Available,Not Available,46%,19%,9%,8%,6%,Not Available,Not Available,Not Available,12%
IBRiS,Radio ZET,2019-10-09,2019-10-09,National,1100,Provided,Not Available,0.1%,Not Available,Not Available,Not Available,Not Available,Not Available,Not Available,Not Available,Not Available,Not Available,42.6%,22.5%,13.1%,6.9%,4.3%,Not Available,Not Available,Not Available,10.6%
IBRiS,Rzeczpospolita,2019-10-08,2019-10-09,National,1000,Provided,Not Available,0.1%,Not Available,Not Available,Not Available,Not Available,Not Available,Not Available,Not Available,Not Available,Not Available,41.7%,22.0%,13.4%,6.0%,4.3%,Not Available,Not Available,Not Available,12.6%
IBRiS,Onet,2019-10-08,2019-10-08,National,1100,Provided,Not Available,0.1%,Not Available,Not Available,Not Available,Not Available,Not Available,Not Available,Not Available,Not Available,Not Available,44.3%,22.7%,13.8%,6.2%,3.5%,Not Available,Not Available,Not Available,9.5%
IBRiS,RMF,2019-10-04,2019-10-05,National,1100,Provided,Not Available,0.1%,Not Available,Not Available,Not Available,Not Available,Not Available,Not Available,Not Available,Not Available,Not Available,45.1%,24.6%,12.6%,5.6%,3.8%,Not Available,Not Available,Not Available,8.3%
Kantar Millward Brown,"Gazeta Wyborcza, Gazeta.pl and TOK FM",2019-10-01,2019-10-05,National,1005,Provided,Not Available,1%,Not Available,Not Available,Not Available,Not Available,Not Available,Not Available,Not Available,Not Available,Not Available,42%,29%,13%,4%,5%,1%,Not Available,Not Available,6%
Estymator,DoRzeczy.pl,2019-10-03,2019-10-04,National,1015,Provided,Not Available,0.1%,Not Available,Not Available,Not Available,Not Available,Not Available,Not Available,Not Available,Not Available,Not Available,49.5%,26.4%,13.1%,6.4%,3.7%,Not Available,Not Available,Not Available,0.9%
Dobra Opinia,PPG,2019-09-30,2019-10-04,National,8000,Provided,Not Available,0.1%,Not Available,Not Available,Not Available,Not Available,Not Available,Not Available,Not Available,Not Available,Not Available,48.3%,27.7%,12.4%,6.5%,4.2%,Not Available,Not Available,Not Available,0.9%
IBRiS,Onet,2019-10-02,2019-10-03,National,1100,Provided,Not Available,0.1%,Not Available,Not Available,Not Available,Not Available,Not Available,Not Available,Not Available,Not Available,Not Available,44.3%,24.3%,12.0%,5.9%,3.6%,Not Available,Not Available,Not Available,9.9%
IBRiS,Radio ZET,2019-10-02,2019-10-02,National,1100,Provided,Not Available,0.1%,Not Available,Not Available,Not Available,Not Available,Not Available,Not Available,Not Available,Not Available,Not Available,42.4%,25.0%,13.1%,5.8%,4.4%,Not Available,Not Available,Not Available,9.3%
Instytut Badań Pollster,Super Express,2019-10-01,2019-10-02,National,1088,Provided,Not Available,0.1%,Not Available,Not Available,Not Available,Not Available,Not Available,Not Available,Not Available,Not Available,Not Available,43.4%,28.5%,13.9%,7.6%,4.8%,Not Available,Not Available,Not Available,1.8%
Social Changes,wpolityce.pl,2019-09-27,2019-10-02,National,1003,Provided,Not Available,0.1%,Not Available,Not Available,Not Available,Not Available,Not Available,Not Available,Not Available,Not Available,Not Available,47.2%,26.1%,13.8%,7.4%,5.5%,Not Available,Not Available,Not Available,0.0%
Kantar Public,TVN,2019-09-25,2019-09-26,National,1005,Provided,Not Available,1%,Not Available,Not Available,Not Available,Not Available,Not Available,Not Available,Not Available,Not Available,Not Available,40%,28%,10%,5%,7%,Not Available,Not Available,Not Available,10%
Instytut Badań Pollster,Super Express,2019-09-24,2019-09-25,National,1101,Provided,Not Available,1%,Not Available,Not Available,Not Available,Not Available,Not Available,Not Available,Not Available,Not Available,Not Available,45%,26%,14%,7%,5%,Not Available,Not Available,Not Available,3%
CBM Indicator,TVP,2019-09-23,2019-09-25,National,1000,Provided,Not Available,0.1%,Not Available,Not Available,Not Available,Not Available,Not Available,Not Available,Not Available,Not Available,Not Available,44.3%,26.1%,11.9%,6.1%,4.1%,Not Available,Not Available,Not Available,7.5%
Social Changes,wpolityce.pl,2019-09-20,2019-09-25,National,1025,Provided,Not Available,0.1%,Not Available,Not Available,Not Available,Not Available,Not Available,Not Available,Not Available,Not Available,Not Available,46.9%,27.8%,12.6%,6.8%,5.9%,Not Available,Not Available,Not Available,0.0%
IBRiS,RMF,2019-09-20,2019-09-21,National,1100,Provided,Not Available,0.1%,Not Available,Not Available,Not Available,Not Available,Not Available,Not Available,Not Available,Not Available,Not Available,44.5%,23.9%,14.1%,6.0%,4.4%,Not Available,Not Available,Not Available,7.1%
Estymator,DoRzeczy.pl,2019-09-17,2019-09-19,National,1022,Provided,Not Available,0.1%,Not Available,Not Available,Not Available,Not Available,Not Available,Not Available,Not Available,Not Available,Not Available,48.1%,27.9%,13.2%,6.1%,3.6%,Not Available,Not Available,Not Available,1.1%
CBOS,,2019-09-12,2019-09-19,National,990,Provided,Not Available,1%,Not Available,Not Available,Not Available,Not Available,Not Available,Not Available,Not Available,Not Available,Not Available,46%,23%,5%,8%,3%,Not Available,Not Available,Not Available,15%
Social Changes,wpolityce.pl,2019-09-13,2019-09-18,National,1001,Provided,Not Available,0.1%,Not Available,Not Available,Not Available,Not Available,Not Available,Not Available,Not Available,Not Available,Not Available,47.2%,26.1%,12.4%,6.8%,7.5%,Not Available,Not Available,Not Available,0.0%
Kantar Millward Brown,Gazeta Wyborcza,2019-09-13,2019-09-17,National,1000,Provided,Not Available,1%,Not Available,Not Available,Not Available,Not Available,Not Available,Not Available,Not Available,Not Available,Not Available,43%,30%,11%,4%,5%,Not Available,Not Available,Not Available,7%
IBSP,,2019-09-12,2019-09-14,National,1011,Provided,Not Available,0.1%,Not Available,Not Available,Not Available,Not Available,Not Available,Not Available,Not Available,Not Available,Not Available,45.6%,30.9%,12.3%,4.2%,6.3%,Not Available,Not Available,Not Available,0.7%
Instytut Badań Pollster,Super Express,2019-09-12,2019-09-13,National,1059,Provided,Not Available,1%,Not Available,Not Available,Not Available,Not Available,Not Available,Not Available,Not Available,Not Available,Not Available,45%,26%,14%,8%,5%,Not Available,Not Available,Not Available,2%
Kantar Public,TVN,2019-09-06,2019-09-11,National,975,Provided,Not Available,1%,Not Available,Not Available,Not Available,Not Available,Not Available,Not Available,Not Available,Not Available,Not Available,40%,24%,11%,6%,2%,Not Available,Not Available,Not Available,17%
Social Changes,wpolityce.pl,2019-09-06,2019-09-11,National,1022,Provided,Not Available,0.1%,Not Available,Not Available,Not Available,Not Available,Not Available,Not Available,Not Available,Not Available,Not Available,45.6%,26.5%,13.9%,9.8%,4.2%,Not Available,Not Available,Not Available,0.0%
IBRiS,Rzeczpospolita,2019-09-06,2019-09-07,National,1000,Estimated/Assumed,Not Available,0.1%,Not Available,Not Available,Not Available,Not Available,Not Available,Not Available,Not Available,Not Available,Not Available,42.4%,22.7%,13.1%,5.6%,3.4%,0.6%,Not Available,Not Available,12.2%
Instytut Badań Pollster,Super Express,2019-09-04,2019-09-06,National,1094,Provided,Not Available,1%,Not Available,Not Available,Not Available,Not Available,Not Available,Not Available,Not Available,Not Available,Not Available,45%,28%,14%,7%,4%,Not Available,Not Available,Not Available,2%
Estymator,DoRzeczy.pl,2019-09-04,2019-09-05,National,1012,Provided,Not Available,0.1%,Not Available,Not Available,Not Available,Not Available,Not Available,Not Available,Not Available,Not Available,Not Available,47.2%,27.4%,12.9%,6.0%,3.9%,1.6%,Not Available,Not Available,1.0%
Social Changes,wpolityce.pl,2019-08-30,2019-09-04,National,1044,Provided,Not Available,0.1%,Not Available,Not Available,Not Available,Not Available,Not Available,Not Available,Not Available,Not Available,Not Available,43.5%,29.1%,13.9%,8.5%,5.0%,Not Available,Not Available,Not Available,0.0%
IBRiS,Onet,2019-08-24,2019-09-04,National,8000,Provided,Not Available,0.1%,Not Available,Not Available,Not Available,Not Available,Not Available,Not Available,Not Available,Not Available,Not Available,43.3%,21.2%,14.1%,5.7%,4.8%,Not Available,Not Available,Not Available,10.5%
Dobra Opinia,PPG,2019-08-23,2019-08-29,National,8000,Provided,Not Available,0.5%,Not Available,Not Available,Not Available,Not Available,Not Available,Not Available,Not Available,Not Available,Not Available,45.0%,30.0%,11.0%,6.0%,4.0%,2.5%,Not Available,Not Available,1.5%
Ipsos,OKO,2019-08-26,2019-08-28,National,1006,Provided,Not Available,0.1%,Not Available,Not Available,Not Available,Not Available,Not Available,Not Available,Not Available,Not Available,Not Available,41%,28%,13%,5%,5%,2%,Not Available,Not Available,6%
Social Changes,wpolityce.pl,2019-08-23,2019-08-28,National,1007,Provided,Not Available,0.1%,Not Available,Not Available,Not Available,Not Available,Not Available,Not Available,Not Available,Not Available,Not Available,44.6%,30.6%,10.4%,9.1%,5.3%,Not Available,Not Available,Not Available,0.0%
CBOS,,2019-08-22,2019-08-29,National,1029,Provided,Not Available,1%,Not Available,Not Available,Not Available,Not Available,Not Available,Not Available,Not Available,Not Available,Not Available,47%,19%,9%,6%,2%,3%,Not Available,Not Available,1%
IBRiS,Onet,2019-08-26,2019-08-26,National,1100,Provided,Not Available,0.1%,Not Available,Not Available,Not Available,Not Available,Not Available,Not Available,Not Available,Not Available,Not Available,41.5%,26.6%,12.2%,7.2%,4.7%,Not Available,Not Available,Not Available,7.8%
CBM Indicator,TVP,2019-08-24,2019-08-26,National,1000,Estimated/Assumed,Not Available,0.1%,Not Available,Not Available,Not Available,Not Available,Not Available,Not Available,Not Available,Not Available,Not Available,41.3%,28.5%,11.3%,5.7%,3.1%,Not Available,Not Available,Not Available,10.1%
IBRiS,RMF,2019-08-23,2019-08-24,National,1100,Provided,Not Available,0.1%,Not Available,Not Available,Not Available,Not Available,Not Available,Not Available,Not Available,Not Available,Not Available,41.3%,25.0%,13.3%,5.8%,5.3%,Not Available,Not Available,Not Available,9.3%
Kantar Public,TVN,2019-08-22,2019-08-22,National,1012,Provided,Not Available,1%,Not Available,Not Available,Not Available,Not Available,Not Available,Not Available,Not Available,Not Available,Not Available,39%,30%,11%,6%,6%,1%,Not Available,Not Available,7%
Estymator,DoRzeczy.pl,2019-08-21,2019-08-22,National,1046,Provided,Not Available,0.1%,Not Available,Not Available,Not Available,Not Available,Not Available,Not Available,Not Available,Not Available,Not Available,44.9%,30.4%,9.8%,6.8%,3.8%,2.3%,Not Available,Not Available,2.0%
Social Changes,,2019-08-16,2019-08-21,National,1030,Provided,Not Available,0.1%,Not Available,Not Available,Not Available,Not Available,Not Available,Not Available,Not Available,Not Available,Not Available,42.9%,30.8%,13.4%,8.4%,4.5%,Not Available,Not Available,Not Available,0.0%
Ariadna,,2019-08-16,2019-08-20,National,1036,Provided,Not Available,1%,Not Available,Not Available,Not Available,Not Available,Not Available,Not Available,Not Available,Not Available,Not Available,45%,27%,10%,6%,4%,Not Available,Not Available,Not Available,8%
Kantar Public,TVN,2019-08-13,2019-08-13,National,1003,Provided,Not Available,1%,Not Available,Not Available,Not Available,Not Available,Not Available,Not Available,Not Available,Not Available,Not Available,44%,27%,11%,4%,5%,1%,Not Available,Not Available,9%
IBRiS,Rzeczpospolita,2019-08-09,2019-08-10,National,1100,Provided,Not Available,0.1%,Not Available,Not Available,Not Available,Not Available,Not Available,Not Available,Not Available,Not Available,Not Available,41.2%,27.0%,11.6%,6.5%,2.8%,1.8%,Not Available,Not Available,9.0%
Estymator,DoRzeczy.pl,2019-08-06,2019-08-08,National,1020,Provided,Not Available,0.1%,45.4%,28.9%,2.8%,1.4%,5.1%,5.4%,3.7%,2.6%,2.2%,Not Available,Not Available,Not Available,Not Available,Not Available,Not Available,Not Available,Not Available,2.5%
Estymator,DoRzeczy.pl,2019-08-06,2019-08-08,National,1020,Provided,Not Available,0.1%,Not Available,Not Available,Not Available,Not Available,Not Available,Not Available,Not Available,Not Available,Not Available,45.9%,30.2%,10.1%,5.3%,4.1%,3.3%,Not Available,Not Available,1.1%
Instytut Badań Pollster,Super Express,2019-08-06,2019-08-07,National,1063,Provided,Not Available,1%,43%,25%,5%,2%,5%,5%,6%,4%,3%,Not Available,Not Available,Not Available,Not Available,Not Available,Not Available,Not Available,Not Available,2%
Social Changes,,2019-08-02,2019-08-07,National,1026,Provided,Not Available,0.1%,45.8%,24.8%,3.0%,1.7%,6.5%,6.9%,6.4%,2.3%,1.3%,Not Available,Not Available,Not Available,Not Available,Not Available,Not Available,Not Available,Not Available,1.3%
Social Changes,,2019-08-02,2019-08-07,National,1026,Provided,Not Available,0.1%,Not Available,Not Available,Not Available,Not Available,Not Available,Not Available,Not Available,Not Available,Not Available,44.9%,26.9%,14.9%,9.3%,4.0%,Not Available,Not Available,Not Available,0.0%
Social Changes,,2019-07-26,2019-07-31,National,1012,Provided,Not Available,0.1%,46.7%,25.7%,3.2%,1.2%,5.9%,6.2%,5.7%,2.2%,1.3%,Not Available,Not Available,Not Available,Not Available,Not Available,Not Available,Not Available,Not Available,1.9%
Social Changes,,2019-07-26,2019-07-31,National,1012,Provided,Not Available,0.1%,Not Available,Not Available,Not Available,Not Available,Not Available,Not Available,Not Available,Not Available,Not Available,45.9%,29.9%,11.0%,9.2%,4.0%,Not Available,Not Available,Not Available,0.0%
IBRiS,RMF,2019-07-26,2019-07-27,National,1100,Provided,Not Available,0.1%,44.5%,20.2%,4.1%,1.5%,2.0%,5.3%,5.8%,2.3%,0.1%,Not Available,Not Available,Not Available,Not Available,Not Available,Not Available,Not Available,Not Available,14.2%
Social Changes,,2019-07-19,2019-07-24,National,1064,Provided,Not Available,0.1%,46.4%,26.3%,3.0%,1.2%,4.3%,6.7%,6.2%,3.4%,1.4%,Not Available,Not Available,Not Available,Not Available,Not Available,Not Available,Not Available,Not Available,1.2%
Social Changes,,2019-07-19,2019-07-24,National,1064,Provided,Not Available,0.1%,Not Available,Not Available,Not Available,Not Available,Not Available,Not Available,Not Available,Not Available,Not Available,44.8%,29.4%,10.6%,11.4%,3.4%,Not Available,Not Available,Not Available,0.1%
Estymator,DoRzeczy.pl,2019-07-18,2019-07-19,National,1009,Provided,Not Available,0.1%,45.3%,28.9%,4.8%,1.2%,5.2%,4.5%,3.8%,2.9%,1.5%,Not Available,Not Available,Not Available,Not Available,Not Available,Not Available,Not Available,Not Available,1.9%
Social Changes,,2019-07-12,2019-07-17,National,1004,Provided,Not Available,0.1%,45.4%,27.3%,3.1%,1.0%,5.8%,5.3%,5.8%,3.8%,1.2%,Not Available,Not Available,Not Available,Not Available,Not Available,Not Available,Not Available,Not Available,1.3%
Kantar Public,Radio ZET,2019-07-12,2019-07-17,National,974,Provided,Not Available,1%,39%,26%,4%,3%,2%,3%,5%,2%,1%,Not Available,Not Available,Not Available,Not Available,Not Available,Not Available,Not Available,Not Available,15%
Kantar Millward Brown,TVN and TVN24,2019-07-12,2019-07-15,National,1002,Provided,Not Available,1%,42%,27%,6%,Not Available,3%,2%,5%,3%,2%,Not Available,Not Available,Not Available,Not Available,Not Available,Not Available,Not Available,Not Available,10%
IBRiS,Rzeczpospolita,2019-07-12,2019-07-13,National,1100,Provided,Not Available,0.1%,43.0%,26.1%,3.1%,0.5%,4.4%,5.9%,4.2%,3.7%,1.4%,Not Available,Not Available,Not Available,Not Available,Not Available,Not Available,Not Available,Not Available,7.7%
CBOS,,2019-07-04,2019-07-11,National,1120,Provided,Not Available,1%,44%,21%,4%,1%,6%,3%,4%,3%,1%,Not Available,Not Available,Not Available,Not Available,Not Available,Not Available,Not Available,Not Available,13%
Social Changes,,2019-07-05,2019-07-10,National,1022,Provided,Not Available,0.1%,45.3%,27.8%,3.1%,Not Available,5.0%,6.0%,6.3%,Not Available,Not Available,Not Available,Not Available,Not Available,Not Available,Not Available,Not Available,Not Available,Not Available,6.5%
IBRiS,RMF,2019-06-28,2019-06-29,National,1100,Provided,Not Available,0.1%,40.3%,19.9%,5.4%,1.3%,3.0%,5.4%,6.3%,3.4%,0.9%,Not Available,Not Available,Not Available,Not Available,Not Available,Not Available,Not Available,Not Available,14.1%
Social Changes,,2019-06-21,2019-06-26,National,1044,Provided,Not Available,0.1%,44.0%,23.9%,4.5%,1.2%,4.2%,4.3%,7.7%,3.1%,1.2%,Not Available,Not Available,Not Available,Not Available,Not Available,Not Available,Not Available,Not Available,5.9%
Estymator,DoRzeczy.pl,2019-06-19,2019-06-20,National,1006,Provided,Not Available,0.1%,47.9%,22.7%,3.5%,1.6%,4.3%,4.5%,7.3%,1.6%,1.8%,Not Available,Not Available,Not Available,Not Available,Not Available,Not Available,Not Available,Not Available,4.8%
CBOS,,2019-06-06,2019-06-13,National,1115,Provided,Not Available,1%,44%,22%,4%,1%,3%,2%,7%,3%,0%,Not Available,Not Available,Not Available,Not Available,Not Available,Not Available,Not Available,Not Available,3%
IBRiS,Rzeczpospolita,2019-06-07,2019-06-08,National,1100,Provided,Not Available,0.1%,40.8%,19.1%,3.4%,1.6%,5.1%,6.0%,8.8%,2.1%,1.7%,Not Available,Not Available,Not Available,Not Available,Not Available,Not Available,Not Available,Not Available,11.4%
Social Changes,,2019-05-31,2019-06-05,National,1034,Provided,Not Available,0.1%,41.5%,22.4%,9.3%,4.1%,5.0%,3.0%,8.9%,1.9%,2.2%,Not Available,Not Available,Not Available,Not Available,Not Available,Not Available,Not Available,Not Available,1.7%
Social Changes,,2019-05-24,2019-05-29,National,1040,Provided,Not Available,0.1%,40.6%,22.9%,8.9%,3.5%,5.5%,4.0%,9.0%,2.8%,1.8%,Not Available,Not Available,Not Available,Not Available,Not Available,Not Available,Not Available,Not Available,1.0%
CBOS,,2019-05-16,2019-05-23,National,1138,Provided,Not Available,1%,46%,20%,6%,1%,4%,2%,6%,1%,1%,Not Available,Not Available,Not Available,Not Available,Not Available,Not Available,Not Available,Not Available,13%
Kantar Millward Brown,Gazeta Wyborcza,2019-05-10,2019-05-15,National,967,Provided,Not Available,1%,40%,21%,4%,2%,5%,5%,6%,2%,1%,Not Available,Not Available,Not Available,Not Available,Not Available,Not Available,Not Available,Not Available,14%
Social Changes,,2019-05-10,2019-05-15,National,1102,Provided,Not Available,0.1%,35.9%,21.6%,8.1%,Not Available,4.5%,5.7%,14.2%,2.8%,2.8%,Not Available,Not Available,Not Available,Not Available,Not Available,Not Available,Not Available,Not Available,4.4%
Pracownia Analiz Społeczno-Politycznych,Gazeta Bałtycka,2019-05-01,2019-05-04,National,1054,Provided,Not Available,0.5%,36.0%,28.0%,9.0%,2.5%,5.5%,7.0%,4.5%,4.0%,2.0%,Not Available,Not Available,Not Available,Not Available,Not Available,Not Available,Not Available,Not Available,1.5%
Social Changes,,2019-04-26,2019-04-30,National,1050,Provided,Not Available,0.1%,35.1%,22.2%,8.1%,Not Available,5.5%,5.1%,12.7%,3.2%,3.0%,Not Available,Not Available,Not Available,Not Available,Not Available,Not Available,Not Available,Not Available,5.1%
Instytut Badań Pollster,Super Express,2019-04-26,2019-04-29,National,1031,Provided,Not Available,1%,39%,26%,7%,2%,4%,4%,11%,4%,1%,Not Available,Not Available,Not Available,Not Available,Not Available,Not Available,Not Available,Not Available,2%
Social Changes,,2019-04-19,2019-04-24,National,1050,Provided,Not Available,1%,39%,23%,8%,Not Available,6%,5%,11%,3%,2%,Not Available,Not Available,Not Available,Not Available,Not Available,Not Available,Not Available,Not Available,4%
Social Changes,,2019-04-12,2019-04-17,National,1111,Provided,Not Available,1%,37%,22%,9%,Not Available,5%,5%,10%,3%,3%,Not Available,Not Available,Not Available,Not Available,Not Available,Not Available,Not Available,Not Available,6%
Instytut Badań Spraw Narodowościowych,Radio ZET,2019-03-25,2019-03-27,National,1006,Provided,Not Available,0.01%,37.64%,32.61%,4.82%,1.71%,3.51%,4.19%,10.98%,3.66%,0.42%,Not Available,Not Available,Not Available,Not Available,Not Available,Not Available,Not Available,Not Available,0.46%
CBM Indicator,TVP1,2019-03-20,2019-03-22,National,1000,Provided,Not Available,0.1%,40.9%,25.7%,6.0%,2.3%,5.2%,5.1%,8.6%,0.7%,1.6%,Not Available,Not Available,Not Available,Not Available,Not Available,Not Available,Not Available,Not Available,3.9%
Estymator,DoRzeczy.pl,2019-03-20,2019-03-21,National,1005,Provided,Not Available,0.1%,42.6%,26.7%,6.3%,2.1%,5.3%,4.8%,6.4%,1.7%,1.3%,Not Available,Not Available,Not Available,Not Available,Not Available,Not Available,Not Available,Not Available,2.8%
CBOS,,2019-03-07,2019-03-14,National,1046,Provided,Not Available,1%,44%,20%,5%,2%,4%,3%,4%,1%,1%,Not Available,Not Available,Not Available,Not Available,Not Available,Not Available,Not Available,Not Available,16%
Kantar Public,,2019-03-08,2019-03-13,National,981,Provided,Not Available,1%,38%,21%,4%,2%,5%,4%,5%,2%,1%,Not Available,Not Available,Not Available,Not Available,Not Available,Not Available,Not Available,Not Available,18%
IBRiS,Rzeczpospolita,2019-03-09,2019-03-10,National,1100,Provided,Not Available,1%,40%,21%,7%,1%,6%,7%,7%,4%,Not Available,Not Available,Not Available,Not Available,Not Available,Not Available,Not Available,Not Available,Not Available,7%
Estymator,DoRzeczy.pl,2019-02-20,2019-02-21,National,1013,Provided,Not Available,0.1%,41.1%,26.2%,7.6%,0.7%,5.6%,3.9%,9.2%,1.4%,1.4%,Not Available,Not Available,Not Available,Not Available,Not Available,Not Available,Not Available,Not Available,2.9%
IPSOS,OKO.press,2019-02-14,2019-02-16,National,1004,Provided,Not Available,0.01%,35.02%,23.99%,7.40%,1.33%,3.59%,3.19%,11.88%,5.94%,0.64%,Not Available,Not Available,Not Available,Not Available,Not Available,Not Available,Not Available,Not Available,7.02%
CBOS,,2019-02-07,2019-02-14,National,1019,Provided,Not Available,1%,40%,15%,5%,2%,5%,2%,10%,2%,1%,Not Available,Not Available,Not Available,Not Available,Not Available,Not Available,Not Available,Not Available,18%
Kantar Public,,2019-02-08,2019-02-13,National,973,Provided,Not Available,1%,34%,20%,6%,2%,4%,5%,11%,1%,1%,Not Available,Not Available,Not Available,Not Available,Not Available,Not Available,Not Available,Not Available,16%
OPB Ariadna,WP,2019-02-08,2019-02-11,National,1063,Provided,Not Available,1%,35%,20%,6%,1%,7%,4%,15%,2%,0%,Not Available,Not Available,Not Available,Not Available,Not Available,Not Available,Not Available,Not Available,10%
IBRiS,Rzeczpospolita,2019-02-07,2019-02-08,National,1100,Provided,Not Available,0.1%,37.1%,21.8%,4.7%,0.6%,4.8%,5.2%,16.2%,Not Available,0.7%,Not Available,Not Available,Not Available,Not Available,Not Available,Not Available,Not Available,Not Available,8.9%
Estymator,DoRzeczy.pl,2019-02-05,2019-02-07,National,1011,Provided,Not Available,0.1%,39.7%,28.2%,7.4%,0.9%,5.9%,4.6%,8.6%,1.2%,1.0%,Not Available,Not Available,Not Available,Not Available,Not Available,Not Available,Not Available,Not Available,2.5%
Instytut Badań Spraw Narodowościowych,Radio ZET,2019-01-31,2019-02-06,National,1000,Provided,Not Available,0.01%,35.05%,32.2%,5.76%,1.14%,3.27%,3.99%,11.98%,1.55%,0.15%,Not Available,Not Available,Not Available,Not Available,Not Available,Not Available,Not Available,Not Available,4.91%
Kantar Millward Brown,,2019-02-04,2019-02-05,National,1004,Provided,Not Available,1%,29%,20%,7%,Not Available,5%,6%,14%,5%,1%,Not Available,Not Available,Not Available,Not Available,Not Available,Not Available,Not Available,Not Available,13%
Instytut Badań Pollster,Super Express,2019-01-30,2019-01-30,National,1023,Estimated/Assumed,Not Available,1%,37%,24%,6%,4%,7%,4%,10%,3%,2%,Not Available,Not Available,Not Available,Not Available,Not Available,Not Available,Not Available,Not Available,3%
IBRiS,Rzeczpospolita,2019-01-26,2019-01-27,National,1100,Provided,Not Available,0.1%,35.0%,29.2%,5.1%,1.4%,6.5%,5.7%,Not Available,0.5%,1.1%,Not Available,Not Available,Not Available,Not Available,Not Available,Not Available,Not Available,Not Available,15.5%
IBRiS,Onet,2019-01-25,2019-01-26,National,1100,Provided,Not Available,0.1%,36.2%,29.6%,3.8%,0.3%,4.1%,6.1%,6.4%,2.0%,0.9%,Not Available,Not Available,Not Available,Not Available,Not Available,Not Available,Not Available,Not Available,10.6%
Estymator,DoRzeczy.pl,2019-01-23,2019-01-24,National,1002,Provided,Not Available,0.1%,42.4%,31.1%,8.6%,1.4%,6.8%,4.8%,Not Available,1.4%,1.6%,Not Available,Not Available,Not Available,Not Available,Not Available,Not Available,Not Available,Not Available,1.9%
CBOS,,2019-01-10,2019-01-17,National,986,Provided,Not Available,1%,39%,22%,7%,2%,5%,4%,Not Available,2%,2%,Not Available,Not Available,Not Available,Not Available,Not Available,Not Available,Not Available,Not Available,Not Available
Kantar Public,,2019-01-11,2019-01-16,National,987,Provided,Not Available,1%,34%,26%,7%,3%,5%,5%,Not Available,1%,2%,Not Available,Not Available,Not Available,Not Available,Not Available,Not Available,Not Available,Not Available,17%
Kantar Millward Brown,Gazeta Wyborcza,2019-01-15,2019-01-16,National,1001,Estimated/Assumed,Not Available,1%,30%,25%,5%,Not Available,5%,3%,8%,Not Available,2%,Not Available,Not Available,Not Available,Not Available,Not Available,Not Available,Not Available,Not Available,30%
Instytut Badań Pollster,Super Express,2019-01-10,2019-01-11,National,1097,Provided,Not Available,1%,40%,29%,7%,3%,7%,6%,Not Available,3%,3%,Not Available,Not Available,Not Available,Not Available,Not Available,Not Available,Not Available,Not Available,2%
IBRiS,Rzeczpospolita,2019-01-04,2019-01-04,National,1100,Provided,Not Available,0.1%,39.1%,26.3%,5.5%,0.9%,6.7%,5.0%,Not Available,2.8%,1.4%,Not Available,Not Available,Not Available,Not Available,Not Available,Not Available,Not Available,Not Available,12.4%
Instytut Badań Pollster,Super Express,2018-12-13,2018-12-14,National,1097,Provided,Not Available,1%,42%,29%,7%,5%,5%,6%,Not Available,3%,2%,Not Available,Not Available,Not Available,Not Available,Not Available,Not Available,Not Available,Not Available,1%
Estymator,DoRzeczy.pl,2018-12-12,2018-12-13,National,1032,Provided,Not Available,0.1%,41.9%,32.1%,9.0%,Not Available,6.4%,6.3%,Not Available,1.1%,1.8%,Not Available,Not Available,Not Available,Not Available,Not Available,Not Available,Not Available,Not Available,1.4%
Kantar Public,,2018-11-30,2018-12-11,National,1028,Provided,Not Available,1%,34%,27%,6%,Not Available,4%,6%,Not Available,2%,2%,Not Available,Not Available,Not Available,Not Available,Not Available,Not Available,Not Available,Not Available,19%
CBOS,,2018-11-29,2018-12-09,National,1016,Provided,Not Available,1%,41%,24%,5%,2%,7%,4%,Not Available,3%,1%,Not Available,Not Available,Not Available,Not Available,Not Available,Not Available,Not Available,Not Available,13%
IBRiS,Rzeczpospolita,2018-12-07,2018-12-08,National,1000,Provided,Not Available,0.1%,37.2%,31.3%,5.7%,4.0%,5.1%,6.7%,Not Available,0.9%,2.4%,Not Available,Not Available,Not Available,Not Available,Not Available,Not Available,Not Available,Not Available,6.7%
IBRiS,Onet,2018-11-23,2018-11-24,National,1100,Provided,Not Available,0.1%,38.2%,30.2%,5.2%,3.8%,4.5%,8.2%,Not Available,0.3%,2.1%,Not Available,Not Available,Not Available,Not Available,Not Available,Not Available,Not Available,Not Available,7.5%
Estymator,DoRzeczy.pl,2018-11-20,2018-11-21,National,1010,Provided,Not Available,0.1%,40.7%,30.4%,11.6%,Not Available,4.7%,7.3%,Not Available,1.3%,1.9%,Not Available,Not Available,Not Available,Not Available,Not Available,Not Available,Not Available,Not Available,2.1%
Kantar Millward Brown,TVN and TVN24,2018-11-19,2018-11-20,National,1002,Provided,Not Available,1%,33%,26%,7%,3%,4%,7%,Not Available,2%,3%,Not Available,Not Available,Not Available,Not Available,Not Available,Not Available,Not Available,Not Available,15%
Kantar Public,,2018-11-09,2018-11-15,National,1024,Provided,Not Available,1%,34%,24%,9%,Not Available,5%,7%,Not Available,2%,2%,Not Available,Not Available,Not Available,Not Available,Not Available,Not Available,Not Available,Not Available,17%
CBOS,,2018-11-08,2018-11-15,National,1051,Provided,Not Available,1%,42%,21%,6%,2%,7%,5%,Not Available,3%,2%,Not Available,Not Available,Not Available,Not Available,Not Available,Not Available,Not Available,Not Available,12%
IBRiS,Rzeczpospolita,2018-11-13,2018-11-13,National,1100,Provided,Not Available,0.1%,40.1%,29.6%,5.6%,4.7%,4.0%,6.2%,Not Available,1.0%,1.7%,Not Available,Not Available,Not Available,Not Available,Not Available,Not Available,Not Available,Not Available,7.1%
IBRiS,Rzeczpospolita,2018-11-08,2018-11-09,National,1100,Provided,Not Available,0.1%,37.3%,28.3%,4.8%,4.8%,4.2%,7.9%,Not Available,1.3%,2.0%,Not Available,Not Available,Not Available,Not Available,Not Available,Not Available,Not Available,Not Available,9.4%
Estymator,DoRzeczy.pl,2018-10-29,2018-10-30,National,1017,Provided,Not Available,0.1%,42.4%,30.0%,7.3%,Not Available,6.0%,7.4%,Not Available,1.9%,2.4%,Not Available,Not Available,Not Available,Not Available,Not Available,Not Available,Not Available,Not Available,Not Available
IBRiS,,2018-10-26,2018-10-27,National,1000,Estimated/Assumed,Not Available,0.1%,40.9%,27.2%,4.7%,4.0%,5.7%,7.0%,Not Available,1.3%,2.0%,Not Available,Not Available,Not Available,Not Available,Not Available,Not Available,Not Available,Not Available,7.2%
Kantar Public,,2018-10-12,2018-10-17,National,1037,Provided,Not Available,1%,31%,24%,8%,Not Available,8%,7%,Not Available,2%,2%,Not Available,Not Available,Not Available,Not Available,Not Available,Not Available,Not Available,Not Available,18%
CBOS,,2018-10-04,2018-10-11,National,1115,Provided,Not Available,1%,40%,19%,8%,3%,5%,4%,Not Available,2%,2%,Not Available,Not Available,Not Available,Not Available,Not Available,Not Available,Not Available,Not Available,17%
IBRiS,Rzeczpospolita,2018-10-05,2018-10-06,National,1000,Estimated/Assumed,Not Available,0.1%,37.2%,30.0%,10.1%,Not Available,5.2%,7.0%,Not Available,1.1%,2.6%,Not Available,Not Available,Not Available,Not Available,Not Available,Not Available,Not Available,Not Available,6.8%
Instytut Badań Pollster,Super Express,2018-10-01,2018-10-01,National,1030,Provided,Not Available,1%,41%,31%,9%,Not Available,6%,7%,Not Available,Not Available,Not Available,Not Available,Not Available,Not Available,Not Available,Not Available,Not Available,Not Available,Not Available,6%
IBRiS,Onet,2018-09-22,2018-09-23,National,1100,Provided,Not Available,0.1%,33.2%,23.1%,10.0%,2.2%,6.3%,8.7%,Not Available,3.3%,2.4%,Not Available,Not Available,Not Available,Not Available,Not Available,Not Available,Not Available,Not Available,10.9%
Estymator,DoRzeczy.pl,2018-09-20,2018-09-21,National,1006,Provided,Not Available,0.1%,45.0%,23.9%,6.9%,4.1%,7.4%,8.1%,Not Available,1.5%,1.9%,Not Available,Not Available,Not Available,Not Available,Not Available,Not Available,Not Available,Not Available,1.2%
Kantar Millward Brown,TVN and TVN24,2018-09-14,2018-09-17,National,1001,Estimated/Assumed,Not Available,1%,38%,21%,4%,7%,4%,5%,Not Available,5%,4%,Not Available,Not Available,Not Available,Not Available,Not Available,Not Available,Not Available,Not Available,12%
CBOS,,2018-09-06,2018-09-13,National,1064,Provided,Not Available,1%,43%,18%,7%,3%,4%,4%,Not Available,2%,2%,Not Available,Not Available,Not Available,Not Available,Not Available,Not Available,Not Available,Not Available,17%
Kantar Public,,2018-09-07,2018-09-12,National,1023,Provided,Not Available,1%,42%,20%,6%,4%,4%,6%,Not Available,2%,1%,Not Available,Not Available,Not Available,Not Available,Not Available,Not Available,Not Available,Not Available,15%
IBRiS,Rzeczpospolita,2018-08-25,2018-09-01,National,1000,Estimated/Assumed,Not Available,0.1%,36.6%,27.1%,7.0%,3.8%,5.0%,8.6%,Not Available,0.4%,0.7%,Not Available,Not Available,Not Available,Not Available,Not Available,Not Available,Not Available,Not Available,10.8%
Estymator,DoRzeczy.pl,2018-08-22,2018-08-23,National,1011,Provided,Not Available,0.1%,44.2%,24.8%,7.1%,3.4%,6.6%,8.9%,Not Available,1.5%,2.8%,Not Available,Not Available,Not Available,Not Available,Not Available,Not Available,Not Available,Not Available,0.7%
CBOS,,2018-08-16,2018-08-23,National,1115,Provided,Not Available,1%,44%,19%,7%,3%,5%,4%,Not Available,2%,2%,Not Available,Not Available,Not Available,Not Available,Not Available,Not Available,Not Available,Not Available,14%
IPSOS,OKO.press,2018-08-17,2018-08-19,National,1029,Provided,Not Available,1%,41%,20%,8%,4%,6%,6%,Not Available,4%,2%,Not Available,Not Available,Not Available,Not Available,Not Available,Not Available,Not Available,Not Available,9%
Kantar Public,Gazeta Prawna,2018-08-11,2018-08-11,National,1015,Provided,Not Available,1%,36%,26%,7%,5%,4%,6%,Not Available,2%,3%,Not Available,Not Available,Not Available,Not Available,Not Available,Not Available,Not Available,Not Available,11%
IBRiS,Rzeczpospolita,2018-08-11,2018-08-11,National,1000,Estimated/Assumed,Not Available,0.1%,38.3%,24.8%,6.4%,4.1%,5.4%,8.5%,Not Available,1.4%,1.7%,Not Available,Not Available,Not Available,Not Available,Not Available,Not Available,Not Available,Not Available,9.4%
Instytut Badań Pollster,Super Express,2018-08-09,2018-08-10,National,1035,Provided,Not Available,1%,38%,28%,11%,6%,4%,8%,Not Available,2%,3%,Not Available,Not Available,Not Available,Not Available,Not Available,Not Available,Not Available,Not Available,0%
CBM Indicator,TVP1,2018-08-08,2018-08-10,National,1000,Provided,Not Available,0.1%,42.0%,24.6%,6.3%,5.2%,4.6%,10.6%,Not Available,3.1%,3.5%,Not Available,Not Available,Not Available,Not Available,Not Available,Not Available,Not Available,Not Available,0.1%
Estymator,DoRzeczy.pl,2018-08-08,2018-08-09,National,1006,Provided,Not Available,0.1%,41.8%,25.9%,8.2%,4.2%,6.3%,9.3%,Not Available,1.1%,2.2%,Not Available,Not Available,Not Available,Not Available,Not Available,Not Available,Not Available,Not Available,1.0%
IBRiS,,2018-07-27,2018-07-27,National,1000,Estimated/Assumed,Not Available,0.1%,33.9%,25.2%,6.6%,3.3%,5.7%,10.6%,Not Available,1.5%,3.3%,Not Available,Not Available,Not Available,Not Available,Not Available,Not Available,Not Available,Not Available,9.9%
Instytut Badań Pollster,Super Express,2018-07-11,2018-07-12,National,1094,Provided,Not Available,1%,40%,27%,9%,5%,6%,8%,Not Available,2%,3%,Not Available,Not Available,Not Available,Not Available,Not Available,Not Available,Not Available,Not Available,0%
Kantar Public,,2018-07-06,2018-07-11,National,1042,Provided,Not Available,1%,34%,23%,9%,3%,4%,6%,Not Available,1%,2%,Not Available,Not Available,Not Available,Not Available,Not Available,Not Available,Not Available,Not Available,18%
IBRiS,Rzeczpospolita,2018-07-08,2018-07-09,National,1100,Provided,Not Available,0.1%,37.4%,26.3%,5.7%,3.2%,5.3%,9.7%,Not Available,0.0%,2.3%,Not Available,Not Available,Not Available,Not Available,Not Available,Not Available,Not Available,Not Available,10.1%
Instytut Badań Pollster,TVP1,2018-07-04,2018-07-05,National,1056,Provided,Not Available,1%,42%,26%,8%,5%,5%,8%,Not Available,Not Available,Not Available,Not Available,Not Available,Not Available,Not Available,Not Available,Not Available,Not Available,Not Available,6%
CBOS,,2018-06-28,2018-07-05,National,999,Provided,Not Available,1%,40%,16%,8%,5%,3%,7%,Not Available,2%,0%,Not Available,Not Available,Not Available,Not Available,Not Available,Not Available,Not Available,Not Available,19%
Estymator,DoRzeczy.pl,2018-06-27,2018-06-28,National,1005,Provided,Not Available,0.1%,42.3%,25.2%,8.9%,5.2%,5.5%,7.5%,Not Available,1.4%,2.6%,Not Available,Not Available,Not Available,Not Available,Not Available,Not Available,Not Available,Not Available,1.4%
IBRiS,Onet,2018-06-21,2018-06-22,National,1100,Provided,Not Available,0.1%,37.8%,24.6%,7.5%,3.3%,5.7%,9.6%,Not Available,0.9%,1.3%,Not Available,Not Available,Not Available,Not Available,Not Available,Not Available,Not Available,Not Available,9.3%
Instytut Badań Pollster,Super Express,2018-06-18,2018-06-18,National,1023,Estimated/Assumed,Not Available,1%,41%,27%,7%,4%,5%,7%,Not Available,4%,5%,Not Available,Not Available,Not Available,Not Available,Not Available,Not Available,Not Available,Not Available,0%
Kantar Public,,2018-06-09,2018-06-17,National,1023,Provided,Not Available,1%,41%,20%,6%,4%,3%,6%,Not Available,1%,1%,Not Available,Not Available,Not Available,Not Available,Not Available,Not Available,Not Available,Not Available,18%
Estymator,DoRzeczy.pl,2018-06-13,2018-06-14,National,1021,Provided,Not Available,0.1%,40.7%,27.9%,8.3%,4.2%,5.4%,8.6%,Not Available,1.9%,2.9%,Not Available,Not Available,Not Available,Not Available,Not Available,Not Available,Not Available,Not Available,0.1%
CBOS,,2018-06-07,2018-06-14,National,1029,Provided,Not Available,1%,43%,17%,8%,5%,4%,4%,Not Available,2%,1%,Not Available,Not Available,Not Available,Not Available,Not Available,Not Available,Not Available,Not Available,16%
IBRiS,Rzeczpospolita,2018-06-07,2018-06-08,National,1067,Provided,Not Available,0.1%,32.7%,26.4%,6.2%,4.3%,6.3%,9.6%,Not Available,1.3%,3.3%,Not Available,Not Available,Not Available,Not Available,Not Available,Not Available,Not Available,Not Available,9.9%
Instytut Badań Pollster,TVP1,2018-06-06,2018-06-07,National,1073,Provided,Not Available,1%,40%,28%,8%,4%,5%,7%,Not Available,4%,4%,Not Available,Not Available,Not Available,Not Available,Not Available,Not Available,Not Available,Not Available,0%
Kantar Millward Brown,TVN and TVN24,2018-05-28,2018-05-29,National,1001,Provided,Not Available,1%,36%,28%,6%,5%,4%,5%,Not Available,4%,2%,Not Available,Not Available,Not Available,Not Available,Not Available,Not Available,Not Available,Not Available,10%
IBRiS,Onet,2018-05-24,2018-05-25,National,1100,Provided,Not Available,0.1%,33.3%,27.6%,5.2%,4.1%,5.3%,9.9%,Not Available,2.0%,3.2%,Not Available,Not Available,Not Available,Not Available,Not Available,Not Available,Not Available,Not Available,9.4%
Estymator,DoRzeczy.pl,2018-05-23,2018-05-24,National,1007,Provided,Not Available,0.1%,38.9%,27.1%,10.4%,2.9%,6.2%,9.0%,Not Available,2.3%,2.1%,Not Available,Not Available,Not Available,Not Available,Not Available,Not Available,Not Available,Not Available,1.1%
CBOS,,2018-05-10,2018-05-17,National,1170,Provided,Not Available,1%,40%,19%,10%,4%,5%,6%,Not Available,2%,1%,Not Available,Not Available,Not Available,Not Available,Not Available,Not Available,Not Available,Not Available,13%
Kantar Public,,2018-05-11,2018-05-16,National,1032,Provided,Not Available,1%,36%,22%,5%,4%,4%,6%,Not Available,2%,2%,Not Available,Not Available,Not Available,Not Available,Not Available,Not Available,Not Available,Not Available,19%
Estymator,DoRzeczy.pl,2018-05-14,2018-05-14,National,1002,Estimated/Assumed,Not Available,0.1%,40.8%,28.3%,9.8%,2.3%,5.7%,9.7%,Not Available,1.8%,1.3%,Not Available,Not Available,Not Available,Not Available,Not Available,Not Available,Not Available,Not Available,0.3%
IBRiS,Rzeczpospolita,2018-05-10,2018-05-11,National,1100,Provided,Not Available,0.1%,37.6%,27.3%,6.3%,2.9%,5.3%,10.4%,Not Available,1.5%,1.0%,Not Available,Not Available,Not Available,Not Available,Not Available,Not Available,Not Available,Not Available,7.7%
Instytut Badań Pollster,TVP1,2018-05-10,2018-05-11,National,1096,Provided,Not Available,1%,43%,20%,8%,6%,5%,9%,Not Available,4%,5%,Not Available,Not Available,Not Available,Not Available,Not Available,Not Available,Not Available,Not Available,0%
Instytut Badań Pollster,"Nowa TV, se.pl and Super Express",2018-04-27,2018-04-29,National,1100,Provided,Not Available,1%,42%,24%,9%,5%,5%,7%,Not Available,4%,4%,Not Available,Not Available,Not Available,Not Available,Not Available,Not Available,Not Available,Not Available,0%
Instytut Badań Pollster,"Nowa TV, se.pl and Super Express",2018-04-25,2018-04-27,National,1032,Provided,Not Available,1%,42%,23%,11%,6%,4%,7%,Not Available,3%,4%,Not Available,Not Available,Not Available,Not Available,Not Available,Not Available,Not Available,Not Available,0%
Estymator,DoRzeczy.pl,2018-04-25,2018-04-26,National,1015,Provided,Not Available,0.1%,38.2%,27.3%,13.1%,3.9%,6.2%,8.6%,Not Available,1.1%,1.3%,Not Available,Not Available,Not Available,Not Available,Not Available,Not Available,Not Available,Not Available,0.3%
Kantar Millward Brown,TVN and TVN24,2018-04-25,2018-04-26,National,1004,Provided,Not Available,1%,33%,25%,5%,6%,5%,8%,Not Available,4%,3%,Not Available,Not Available,Not Available,Not Available,Not Available,Not Available,Not Available,Not Available,11%
IBRiS,Onet,2018-04-19,2018-04-19,National,1100,Provided,Not Available,0.1%,34.5%,24.3%,9.8%,4.5%,6.6%,9.2%,Not Available,1.5%,1.1%,Not Available,Not Available,Not Available,Not Available,Not Available,Not Available,Not Available,Not Available,8.5%
IPSOS,OKO.press,2018-04-12,2018-04-13,National,1023,Provided,Not Available,1%,39%,21%,11%,7%,4%,6%,Not Available,4%,2%,Not Available,Not Available,Not Available,Not Available,Not Available,Not Available,Not Available,Not Available,6%
CBOS,,2018-04-05,2018-04-12,National,1140,Provided,Not Available,1%,46%,16%,5%,4%,3%,6%,Not Available,2%,1%,Not Available,Not Available,Not Available,Not Available,Not Available,Not Available,Not Available,Not Available,17%
Kantar Public,,2018-04-09,2018-04-10,National,1000,Provided,Not Available,1%,36%,23%,6%,5%,3%,7%,Not Available,3%,1%,Not Available,Not Available,Not Available,Not Available,Not Available,Not Available,Not Available,Not Available,16%
Instytut Badań Pollster,TVP1,2018-04-06,2018-04-07,National,1023,Estimated/Assumed,Not Available,1%,41%,23%,8%,7%,5%,9%,Not Available,4%,3%,Not Available,Not Available,Not Available,Not Available,Not Available,Not Available,Not Available,Not Available,0%
Estymator,DoRzeczy.pl,2018-04-04,2018-04-05,National,1209,Provided,Not Available,0.1%,39.4%,28.3%,8.9%,4.3%,6.0%,9.3%,Not Available,1.4%,2.1%,Not Available,Not Available,Not Available,Not Available,Not Available,Not Available,Not Available,Not Available,0.3%
Instytut Badań Pollster,"Nowa TV, se.pl and Super Express",2018-04-04,2018-04-05,National,1023,Provided,Not Available,1%,40%,21%,10%,8%,5%,9%,Not Available,3%,4%,Not Available,Not Available,Not Available,Not Available,Not Available,Not Available,Not Available,Not Available,0%
IBRiS,Rzeczpospolita,2018-04-04,2018-04-04,National,1100,Provided,Not Available,0.1%,31.8%,23.5%,8.5%,5.1%,5.9%,12.1%,Not Available,0.9%,2.1%,Not Available,Not Available,Not Available,Not Available,Not Available,Not Available,Not Available,Not Available,10.1%
Instytut Badań Pollster,TVP1,2018-03-29,2018-03-30,National,1072,Provided,Not Available,1%,39%,22%,11%,7%,6%,8%,Not Available,3%,4%,Not Available,Not Available,Not Available,Not Available,Not Available,Not Available,Not Available,Not Available,0%
Kantar Millward Brown,TVN and TVN24,2018-03-26,2018-03-27,National,1001,Provided,Not Available,1%,28%,22%,10%,6%,5%,9%,Not Available,5%,2%,Not Available,Not Available,Not Available,Not Available,Not Available,Not Available,Not Available,Not Available,13%
Estymator,DoRzeczy.pl,2018-03-21,2018-03-22,National,1011,Provided,Not Available,0.1%,46.8%,25.7%,7.9%,4.7%,5.1%,6.8%,Not Available,0.8%,1.7%,Not Available,Not Available,Not Available,Not Available,Not Available,Not Available,Not Available,Not Available,0.7%
IBRiS,Onet,2018-03-17,2018-03-17,National,1000,Estimated/Assumed,Not Available,0.1%,37.1%,24.0%,6.3%,8.3%,4.4%,7.6%,Not Available,0.4%,2.0%,Not Available,Not Available,Not Available,Not Available,Not Available,Not Available,Not Available,Not Available,9.9%
Kantar Public,,2018-03-09,2018-03-14,National,1027,Provided,Not Available,1%,37%,22%,5%,6%,2%,4%,Not Available,1%,1%,Not Available,Not Available,Not Available,Not Available,Not Available,Not Available,Not Available,Not Available,20%
CBOS,,2018-03-01,2018-03-08,National,1092,Provided,Not Available,1%,44%,14%,6%,6%,5%,5%,Not Available,2%,2%,Not Available,Not Available,Not Available,Not Available,Not Available,Not Available,Not Available,Not Available,16%
IBRiS,Rzeczpospolita,2018-03-01,2018-03-02,National,1000,Estimated/Assumed,Not Available,0.1%,39.4%,22.5%,6.8%,5.0%,5.2%,9.7%,Not Available,0.5%,1.4%,Not Available,Not Available,Not Available,Not Available,Not Available,Not Available,Not Available,Not Available,9.5%
IBRiS,,2018-02-26,2018-02-26,National,1100,Provided,Not Available,0.1%,40.6%,22.4%,6.7%,3.6%,6.1%,7.0%,Not Available,1.2%,3.6%,Not Available,Not Available,Not Available,Not Available,Not Available,Not Available,Not Available,Not Available,9.1%
Estymator,DoRzeczy.pl,2018-02-21,2018-02-22,National,1009,Provided,Not Available,0.1%,50.2%,22.9%,7.3%,4.1%,5.2%,5.9%,Not Available,0.8%,3.0%,Not Available,Not Available,Not Available,Not Available,Not Available,Not Available,Not Available,Not Available,0.6%
Instytut Badań Pollster,"Nowa TV, se.pl and Super Express",2018-02-22,2018-02-22,National,1023,Estimated/Assumed,Not Available,1%,47%,19%,7%,6%,5%,8%,Not Available,3%,5%,Not Available,Not Available,Not Available,Not Available,Not Available,Not Available,Not Available,Not Available,0%
Kantar Public,,2018-02-16,2018-02-21,National,1033,Provided,Not Available,1%,37%,20%,7%,6%,5%,5%,Not Available,1%,2%,Not Available,Not Available,Not Available,Not Available,Not Available,Not Available,Not Available,Not Available,17%
IBRiS,Onet,2018-02-20,2018-02-20,National,1100,Provided,Not Available,0.1%,39.7%,19.6%,5.5%,4.5%,6.6%,9.4%,Not Available,1.4%,3.9%,Not Available,Not Available,Not Available,Not Available,Not Available,Not Available,Not Available,Not Available,9.3%
Kantar Millward Brown,TVN and TVN24,2018-02-19,2018-02-20,National,1002,Provided,Not Available,1%,40%,16%,6%,8%,5%,3%,Not Available,3%,3%,Not Available,Not Available,Not Available,Not Available,Not Available,Not Available,Not Available,Not Available,16%
CBOS,,2018-02-01,2018-02-08,National,1057,Provided,Not Available,1%,43%,17%,7%,5%,4%,4%,Not Available,2%,1%,Not Available,Not Available,Not Available,Not Available,Not Available,Not Available,Not Available,Not Available,15%
IBRiS,Rzeczpospolita,2018-02-05,2018-02-05,National,1000,Estimated/Assumed,Not Available,0.1%,42.7%,20.0%,5.7%,5.3%,6.0%,7.2%,Not Available,0.4%,2.9%,Not Available,Not Available,Not Available,Not Available,Not Available,Not Available,Not Available,Not Available,9.4%
